timestamp,open,high,low,close,symbol,interval,windowStart
2026-09-13 00:00:00+00:00,218.63550055,218.63550055,218.63550055,218.63550055,NVDA-USD,15m,2026-09-13T00:00:00Z
2026-09-13 00:15:00+00:00,218.63550055,218.63550055,218.6131134,218.6131134,NVDA-USD,15m,2026-09-13T00:15:00Z
2026-09-13 00:30:00+00:00,218.6125358,218.6125358,218.42657288,218.42657288,NVDA-USD,15m,2026-09-13T00:30:00Z
2026-09-13 00:45:00+00:00,218.42632499,218.42632499,218.34161365,218.34161365,NVDA-USD,15m,2026-09-13T00:45:00Z
2026-09-13 01:00:00+00:00,218.34144745,218.34144745,218.28051429,218.28051429,NVDA-USD,15m,2026-09-13T01:00:00Z
2026-09-13 01:15:00+00:00,218.28041416,218.28041416,218.24295516,218.24295516,NVDA-USD,15m,2026-09-13T01:15:00Z
2026-09-13 01:30:00+00:00,218.24284298,218.24284298,218.22192875,218.22192875,NVDA-USD,15m,2026-09-13T01:30:00Z
2026-09-13 01:45:00+00:00,218.22189668,218.22189668,218.20854946,218.20854946,NVDA-USD,15m,2026-09-13T01:45:00Z
2026-09-13 02:00:00+00:00,218.20853093,218.20853093,218.19669184,218.19669184,NVDA-USD,15m,2026-09-13T02:00:00Z
2026-09-13 02:15:00+00:00,218.1966651,218.1966651,218.14761282,218.14761282,NVDA-USD,15m,2026-09-13T02:15:00Z
2026-09-13 02:30:00+00:00,218.14749445,218.14749445,218.09206137,218.09206137,NVDA-USD,15m,2026-09-13T02:30:00Z
2026-09-13 02:45:00+00:00,218.09193925,218.09193925,218.04867122,218.04867122,NVDA-USD,15m,2026-09-13T02:45:00Z
2026-09-13 03:00:00+00:00,218.04858356,218.04858356,218.01555212,218.01555212,NVDA-USD,15m,2026-09-13T03:00:00Z
2026-09-13 03:15:00+00:00,218.01548599,218.01548599,217.99135562,217.99135562,NVDA-USD,15m,2026-09-13T03:15:00Z
2026-09-13 03:30:00+00:00,217.99131385,217.99131385,217.97081185,217.97081185,NVDA-USD,15m,2026-09-13T03:30:00Z
2026-09-13 03:45:00+00:00,217.9707912,217.9707912,217.84279329,217.84279329,NVDA-USD,15m,2026-09-13T03:45:00Z
2026-09-13 04:00:00+00:00,217.8423539,217.8423539,217.75321588,217.75321588,NVDA-USD,15m,2026-09-13T04:00:00Z
2026-09-13 04:15:00+00:00,217.7530631,217.7530631,217.69467217,217.69467217,NVDA-USD,15m,2026-09-13T04:15:00Z
2026-09-13 04:30:00+00:00,217.69456742,217.69456742,217.64822451,217.64822451,NVDA-USD,15m,2026-09-13T04:30:00Z
2026-09-13 04:45:00+00:00,217.64813618,217.64813618,217.61925819,217.61925819,NVDA-USD,15m,2026-09-13T04:45:00Z
2026-09-13 05:00:00+00:00,217.61920894,217.61920894,217.59141597,217.59141597,NVDA-USD,15m,2026-09-13T05:00:00Z
2026-09-13 05:15:00+00:00,217.59136432,217.59136432,217.55596536,217.55596536,NVDA-USD,15m,2026-09-13T05:15:00Z
2026-09-13 05:30:00+00:00,217.55574918,217.55574918,217.46485093,217.46485093,NVDA-USD,15m,2026-09-13T05:30:00Z
2026-09-13 05:45:00+00:00,217.46467648,217.46467648,217.40132093,217.40132093,NVDA-USD,15m,2026-09-13T05:45:00Z
2026-09-13 06:00:00+00:00,217.40120046,217.40120046,217.34941004,217.34941004,NVDA-USD,15m,2026-09-13T06:00:00Z
2026-09-13 06:15:00+00:00,217.34930061,217.34930061,217.30788033,217.30788033,NVDA-USD,15m,2026-09-13T06:15:00Z
2026-09-13 06:30:00+00:00,217.30788033,217.31984351,217.30788033,217.31984351,NVDA-USD,15m,2026-09-13T06:30:00Z
2026-09-13 06:45:00+00:00,217.31984351,217.31984351,217.30718651,217.30718651,NVDA-USD,15m,2026-09-13T06:45:00Z
2026-09-13 07:00:00+00:00,217.30705972,217.30705972,217.2317125,217.2317125,NVDA-USD,15m,2026-09-13T07:00:00Z
2026-09-13 07:15:00+00:00,217.23156097,217.23156097,217.11015546,217.11015546,NVDA-USD,15m,2026-09-13T07:15:00Z
2026-09-13 07:30:00+00:00,217.10982749,217.10982749,216.96052648,216.96052648,NVDA-USD,15m,2026-09-13T07:30:00Z
2026-09-13 07:45:00+00:00,216.96021725,218.255,216.90285936,218.20034998,NVDA-USD,15m,2026-09-13T07:45:00Z
2026-09-13 08:00:00+00:00,218.255,218.255,218.19814214,218.19902309,NVDA-USD,15m,2026-09-13T08:00:00Z
2026-09-13 08:15:00+00:00,218.255,218.255,218.19201195,218.255,NVDA-USD,15m,2026-09-13T08:15:00Z
2026-09-13 08:30:00+00:00,218.25277671,218.255,218.18232201,218.18312693,NVDA-USD,15m,2026-09-13T08:30:00Z
2026-09-13 08:45:00+00:00,218.255,218.255,218.18545937,218.18545937,NVDA-USD,15m,2026-09-13T08:45:00Z
2026-09-13 09:00:00+00:00,218.255,218.255,218.18032783,218.20974473,NVDA-USD,15m,2026-09-13T09:00:00Z
2026-09-13 09:15:00+00:00,218.20747938,218.255,218.16419562,218.16419562,NVDA-USD,15m,2026-09-13T09:15:00Z
2026-09-13 09:30:00+00:00,218.255,218.255,218.15278815,218.15278815,NVDA-USD,15m,2026-09-13T09:30:00Z
2026-09-13 09:45:00+00:00,218.255,218.255,218.15092232,218.17136198,NVDA-USD,15m,2026-09-13T09:45:00Z
2026-09-13 10:00:00+00:00,218.16851965,218.255,218.15170328,218.15170328,NVDA-USD,15m,2026-09-13T10:00:00Z
2026-09-13 10:15:00+00:00,218.255,218.255,217.8004586,217.8004586,NVDA-USD,15m,2026-09-13T10:15:00Z
2026-09-13 10:30:00+00:00,217.79770768,217.79770768,216.77236462,216.77236462,NVDA-USD,15m,2026-09-13T10:30:00Z
2026-09-13 10:45:00+00:00,216.77056498,216.77056498,216.13716294,216.13716294,NVDA-USD,15m,2026-09-13T10:45:00Z
2026-09-13 11:00:00+00:00,216.13616427,216.13616427,215.75381066,215.75381066,NVDA-USD,15m,2026-09-13T11:00:00Z
2026-09-13 11:15:00+00:00,215.75295043,215.75295043,215.47312977,215.47312977,NVDA-USD,15m,2026-09-13T11:15:00Z
2026-09-13 11:30:00+00:00,215.47266806,215.47266806,215.26348579,215.26348579,NVDA-USD,15m,2026-09-13T11:30:00Z
2026-09-13 11:45:00+00:00,215.26285729,215.26285729,215.07651209,215.07651209,NVDA-USD,15m,2026-09-13T11:45:00Z
2026-09-13 12:00:00+00:00,215.07618567,215.07618567,214.93146116,214.93146116,NVDA-USD,15m,2026-09-13T12:00:00Z
2026-09-13 12:15:00+00:00,214.93112654,214.93112654,214.82534303,214.82534303,NVDA-USD,15m,2026-09-13T12:15:00Z
2026-09-13 12:30:00+00:00,214.82514884,214.82514884,214.72964086,214.72964086,NVDA-USD,15m,2026-09-13T12:30:00Z
2026-09-13 12:45:00+00:00,214.7294618,214.7294618,214.65661621,214.65661621,NVDA-USD,15m,2026-09-13T12:45:00Z
2026-09-13 13:00:00+00:00,214.65646428,214.65646428,214.57921508,214.57921508,NVDA-USD,15m,2026-09-13T13:00:00Z
2026-09-13 13:15:00+00:00,214.57907648,214.57907648,214.48188872,214.48188872,NVDA-USD,15m,2026-09-13T13:15:00Z
2026-09-13 13:30:00+00:00,214.48158513,214.48158513,214.39997129,214.40041603,NVDA-USD,15m,2026-09-13T13:30:00Z
2026-09-13 13:45:00+00:00,214.40045849,214.45712778,214.40045849,214.45712778,NVDA-USD,15m,2026-09-13T13:45:00Z
2026-09-13 14:00:00+00:00,214.45726048,214.59947668,214.45726048,214.59947668,NVDA-USD,15m,2026-09-13T14:00:00Z
2026-09-13 14:15:00+00:00,214.599988,214.82113838,214.599988,214.82113838,NVDA-USD,15m,2026-09-13T14:15:00Z
2026-09-13 14:30:00+00:00,214.82156461,214.99741512,214.82156461,214.99741512,NVDA-USD,15m,2026-09-13T14:30:00Z
2026-09-13 14:45:00+00:00,214.99773835,215.18958017,214.99773835,215.18958017,NVDA-USD,15m,2026-09-13T14:45:00Z
2026-09-13 15:00:00+00:00,215.18998521,215.30323274,215.18998521,215.30323274,NVDA-USD,15m,2026-09-13T15:00:00Z
2026-09-13 15:15:00+00:00,215.30345623,215.34571266,215.30345623,215.34571266,NVDA-USD,15m,2026-09-13T15:15:00Z
2026-09-13 15:30:00+00:00,215.34573695,215.35301553,215.34573695,215.35301553,NVDA-USD,15m,2026-09-13T15:30:00Z
2026-09-13 15:45:00+00:00,215.35306783,215.38180395,215.35306783,215.38180395,NVDA-USD,15m,2026-09-13T15:45:00Z
2026-09-13 16:00:00+00:00,215.38187115,215.45693665,215.38187115,215.45693665,NVDA-USD,15m,2026-09-13T16:00:00Z
2026-09-13 16:15:00+00:00,215.45720905,215.5444864,215.45720905,215.5444864,NVDA-USD,15m,2026-09-13T16:15:00Z
2026-09-13 16:30:00+00:00,215.54456197,215.58956463,215.54456197,215.58956463,NVDA-USD,15m,2026-09-13T16:30:00Z
2026-09-13 16:45:00+00:00,215.58970496,215.63540485,215.58970496,215.63540485,NVDA-USD,15m,2026-09-13T16:45:00Z
2026-09-13 17:00:00+00:00,215.63540485,215.64286563,215.63540485,215.64286563,NVDA-USD,15m,2026-09-13T17:00:00Z
2026-09-13 17:15:00+00:00,215.64288276,215.64288276,215.63634896,215.63634896,NVDA-USD,15m,2026-09-13T17:15:00Z
2026-09-13 17:30:00+00:00,215.63630443,215.63630443,215.59563672,215.59563672,NVDA-USD,15m,2026-09-13T17:30:00Z
2026-09-13 17:45:00+00:00,215.59556148,215.59556148,215.57904626,215.57904626,NVDA-USD,15m,2026-09-13T17:45:00Z
2026-09-13 18:00:00+00:00,215.57901716,215.58633429,215.57877155,215.58633429,NVDA-USD,15m,2026-09-13T18:00:00Z
2026-09-13 18:15:00+00:00,215.58636808,215.60011921,215.58636808,215.60011921,NVDA-USD,15m,2026-09-13T18:15:00Z
2026-09-13 18:30:00+00:00,215.60013915,215.60819378,215.60013915,215.60819378,NVDA-USD,15m,2026-09-13T18:30:00Z
2026-09-13 18:45:00+00:00,215.60819378,215.60819378,215.60819378,215.60819378,NVDA-USD,15m,2026-09-13T18:45:00Z
2026-09-13 19:00:00+00:00,215.60819378,215.60819378,215.59418075,215.59418075,NVDA-USD,15m,2026-09-13T19:00:00Z
2026-09-13 19:15:00+00:00,215.59409628,215.59409628,215.55379418,215.55379418,NVDA-USD,15m,2026-09-13T19:15:00Z
2026-09-13 19:30:00+00:00,215.55374031,215.55374031,215.52435841,215.52435841,NVDA-USD,15m,2026-09-13T19:30:00Z
2026-09-13 19:45:00+00:00,215.52434404,215.52434404,215.5203662,215.5203662,NVDA-USD,15m,2026-09-13T19:45:00Z
2026-09-13 20:00:00+00:00,215.5203662,215.54733378,215.5203662,215.54733378,NVDA-USD,15m,2026-09-13T20:00:00Z
2026-09-13 20:15:00+00:00,215.54739718,215.56919579,215.54739718,215.56919579,NVDA-USD,15m,2026-09-13T20:15:00Z
2026-09-13 20:30:00+00:00,215.56923679,215.60209671,215.56923679,215.60209671,NVDA-USD,15m,2026-09-13T20:30:00Z
2026-09-13 20:45:00+00:00,215.60211456,215.60860543,215.60211456,215.60860543,NVDA-USD,15m,2026-09-13T20:45:00Z
2026-09-13 21:00:00+00:00,215.60862699,215.61821231,215.60862699,215.61821231,NVDA-USD,15m,2026-09-13T21:00:00Z
2026-09-13 21:15:00+00:00,215.61823446,215.63335514,215.61823446,215.63335514,NVDA-USD,15m,2026-09-13T21:15:00Z
2026-09-13 21:30:00+00:00,215.63346154,215.69302236,215.63346154,215.69302236,NVDA-USD,15m,2026-09-13T21:30:00Z
2026-09-13 21:45:00+00:00,215.69313807,215.72917688,215.69313807,215.72917688,NVDA-USD,15m,2026-09-13T21:45:00Z
2026-09-13 22:00:00+00:00,215.72917688,215.72917688,215.51846848,215.51846848,NVDA-USD,15m,2026-09-13T22:00:00Z
2026-09-13 22:15:00+00:00,215.51815952,215.51815952,215.40009882,215.40009882,NVDA-USD,15m,2026-09-13T22:15:00Z
2026-09-13 22:30:00+00:00,215.40009882,215.4007009,215.38719476,215.4007009,NVDA-USD,15m,2026-09-13T22:30:00Z
2026-09-13 22:45:00+00:00,215.40073005,215.40419557,215.38486941,215.38486941,NVDA-USD,15m,2026-09-13T22:45:00Z
2026-09-13 23:00:00+00:00,215.38475478,215.38475478,215.35436308,215.35447596,NVDA-USD,15m,2026-09-13T23:00:00Z
2026-09-13 23:15:00+00:00,215.35449154,215.36479899,215.34753852,215.35080386,NVDA-USD,15m,2026-09-13T23:15:00Z
2026-09-13 23:30:00+00:00,215.35041489,215.35041489,215.2164335,215.2164335,NVDA-USD,15m,2026-09-13T23:30:00Z
2026-09-13 23:45:00+00:00,215.2161572,215.2161572,215.03316098,215.03316098,NVDA-USD,15m,2026-09-13T23:45:00Z
2026-09-14 00:00:00+00:00,215.03152252,216.24,214.74,215.03,NVDA-USD,15m,2026-09-14T00:00:00Z
2026-09-14 00:15:00+00:00,215.015,215.105,214.35,214.425,NVDA-USD,15m,2026-09-14T00:15:00Z
2026-09-14 00:30:00+00:00,214.425,214.565,214.28,214.305,NVDA-USD,15m,2026-09-14T00:30:00Z
2026-09-14 00:45:00+00:00,214.31,214.535,214.11,214.165,NVDA-USD,15m,2026-09-14T00:45:00Z
2026-09-14 01:00:00+00:00,214.165,214.465,214.065,214.29,NVDA-USD,15m,2026-09-14T01:00:00Z
2026-09-14 01:15:00+00:00,214.32,214.32,213.975,214.14,NVDA-USD,15m,2026-09-14T01:15:00Z
2026-09-14 01:30:00+00:00,214.13,214.68,214.005,214.42,NVDA-USD,15m,2026-09-14T01:30:00Z
2026-09-14 01:45:00+00:00,214.395,215.17,214.345,215.13,NVDA-USD,15m,2026-09-14T01:45:00Z
2026-09-14 02:00:00+00:00,215.13,215.265,214.915,215.24,NVDA-USD,15m,2026-09-14T02:00:00Z
2026-09-14 02:15:00+00:00,215.24,215.24,214.925,215.065,NVDA-USD,15m,2026-09-14T02:15:00Z
2026-09-14 02:30:00+00:00,215.065,215.14,214.93,214.93,NVDA-USD,15m,2026-09-14T02:30:00Z
2026-09-14 02:45:00+00:00,214.93,215.13,214.92,215.105,NVDA-USD,15m,2026-09-14T02:45:00Z
2026-09-14 03:00:00+00:00,215.11,215.115,214.895,214.95,NVDA-USD,15m,2026-09-14T03:00:00Z
2026-09-14 03:15:00+00:00,214.95,214.99,214.82,214.935,NVDA-USD,15m,2026-09-14T03:15:00Z
2026-09-14 03:30:00+00:00,214.935,214.935,214.695,214.785,NVDA-USD,15m,2026-09-14T03:30:00Z
2026-09-14 03:45:00+00:00,214.805,214.86,214.675,214.785,NVDA-USD,15m,2026-09-14T03:45:00Z
2026-09-14 04:00:00+00:00,214.795,214.93,214.715,214.87,NVDA-USD,15m,2026-09-14T04:00:00Z
2026-09-14 04:15:00+00:00,214.85,214.975,214.815,214.865,NVDA-USD,15m,2026-09-14T04:15:00Z
2026-09-14 04:30:00+00:00,214.865,214.92,214.75,214.82,NVDA-USD,15m,2026-09-14T04:30:00Z
2026-09-14 04:45:00+00:00,214.81,214.985,214.81,214.92,NVDA-USD,15m,2026-09-14T04:45:00Z
2026-09-14 05:00:00+00:00,214.92,214.93119275,214.83,214.915,NVDA-USD,15m,2026-09-14T05:00:00Z
2026-09-14 05:15:00+00:00,214.91557237,214.92,214.74,214.825,NVDA-USD,15m,2026-09-14T05:15:00Z
2026-09-14 05:30:00+00:00,214.835,214.935,214.705,214.735,NVDA-USD,15m,2026-09-14T05:30:00Z
2026-09-14 05:45:00+00:00,214.735,214.84,214.735,214.83,NVDA-USD,15m,2026-09-14T05:45:00Z
2026-09-14 06:00:00+00:00,214.84,214.925,214.63,214.71,NVDA-USD,15m,2026-09-14T06:00:00Z
2026-09-14 06:15:00+00:00,214.71,214.71,214.54,214.61,NVDA-USD,15m,2026-09-14T06:15:00Z
2026-09-14 06:30:00+00:00,214.6,214.64,214.485,214.53,NVDA-USD,15m,2026-09-14T06:30:00Z
2026-09-14 06:45:00+00:00,214.53,214.6,214.06,214.08,NVDA-USD,15m,2026-09-14T06:45:00Z
2026-09-14 07:00:00+00:00,214.08,214.115,213.425,213.945,NVDA-USD,15m,2026-09-14T07:00:00Z
2026-09-14 07:15:00+00:00,213.93,214.0,213.695,213.78,NVDA-USD,15m,2026-09-14T07:15:00Z
2026-09-14 07:30:00+00:00,213.78,213.985,213.63,213.63,NVDA-USD,15m,2026-09-14T07:30:00Z
2026-09-14 07:45:00+00:00,213.63,213.79,213.46,213.555,NVDA-USD,15m,2026-09-14T07:45:00Z
2026-09-14 08:00:00+00:00,214.15,214.15,213.585,213.73,NVDA-USD,15m,2026-09-14T08:00:00Z
2026-09-14 08:15:00+00:00,213.73,213.73,212.84,212.845,NVDA-USD,15m,2026-09-14T08:15:00Z
2026-09-14 08:30:00+00:00,212.825,213.12,212.795,212.885,NVDA-USD,15m,2026-09-14T08:30:00Z
2026-09-14 08:45:00+00:00,212.885,212.92,211.98,212.045,NVDA-USD,15m,2026-09-14T08:45:00Z
2026-09-14 09:00:00+00:00,211.985,212.235,211.34,211.495,NVDA-USD,15m,2026-09-14T09:00:00Z
2026-09-14 09:15:00+00:00,211.495,211.65,211.01,211.485,NVDA-USD,15m,2026-09-14T09:15:00Z
2026-09-14 09:30:00+00:00,211.49,211.975,211.45,211.83,NVDA-USD,15m,2026-09-14T09:30:00Z
2026-09-14 09:45:00+00:00,211.85,211.98,211.74,211.865,NVDA-USD,15m,2026-09-14T09:45:00Z
2026-09-14 10:00:00+00:00,211.865,211.94,211.535,211.735,NVDA-USD,15m,2026-09-14T10:00:00Z
2026-09-14 10:15:00+00:00,211.735,212.125,211.595,211.995,NVDA-USD,15m,2026-09-14T10:15:00Z
2026-09-14 10:30:00+00:00,211.995,212.24,211.87,212.11,NVDA-USD,15m,2026-09-14T10:30:00Z
2026-09-14 10:45:00+00:00,212.11,212.345,211.535,212.28,NVDA-USD,15m,2026-09-14T10:45:00Z
2026-09-14 11:00:00+00:00,212.32,212.42,212.065,212.185,NVDA-USD,15m,2026-09-14T11:00:00Z
2026-09-14 11:15:00+00:00,212.18,213.19,211.925,213.175,NVDA-USD,15m,2026-09-14T11:15:00Z
2026-09-14 11:30:00+00:00,213.245,213.35,213.01,213.15,NVDA-USD,15m,2026-09-14T11:30:00Z
2026-09-14 11:45:00+00:00,213.15,213.34,212.81,212.875,NVDA-USD,15m,2026-09-14T11:45:00Z
2026-09-14 12:00:00+00:00,212.88,213.035,212.58,212.755,NVDA-USD,15m,2026-09-14T12:00:00Z
2026-09-14 12:15:00+00:00,212.755,213.175,212.72,212.81,NVDA-USD,15m,2026-09-14T12:15:00Z
2026-09-14 12:30:00+00:00,212.815,212.87,212.19,212.695,NVDA-USD,15m,2026-09-14T12:30:00Z
2026-09-14 12:45:00+00:00,212.675,212.75,212.075,212.075,NVDA-USD,15m,2026-09-14T12:45:00Z
2026-09-14 13:00:00+00:00,212.075,212.305,211.745,212.165,NVDA-USD,15m,2026-09-14T13:00:00Z
2026-09-14 13:15:00+00:00,212.205,212.61,211.25,211.31,NVDA-USD,15m,2026-09-14T13:15:00Z
2026-09-14 13:30:00+00:00,211.03,211.35,208.94,209.86,NVDA-USD,15m,2026-09-14T13:30:00Z
2026-09-14 13:45:00+00:00,209.85,211.535,209.85,210.79,NVDA-USD,15m,2026-09-14T13:45:00Z
2026-09-14 14:00:00+00:00,210.815,211.69,210.455,211.42,NVDA-USD,15m,2026-09-14T14:00:00Z
2026-09-14 14:15:00+00:00,211.455,211.475,210.07,210.455,NVDA-USD,15m,2026-09-14T14:15:00Z
2026-09-14 14:30:00+00:00,210.44,211.0,210.26,210.51,NVDA-USD,15m,2026-09-14T14:30:00Z
2026-09-14 14:45:00+00:00,210.525,210.86,210.33,210.475,NVDA-USD,15m,2026-09-14T14:45:00Z
2026-09-14 15:00:00+00:00,210.465,211.24,210.285,210.73,NVDA-USD,15m,2026-09-14T15:00:00Z
2026-09-14 15:15:00+00:00,210.73,211.595,210.725,211.46,NVDA-USD,15m,2026-09-14T15:15:00Z
2026-09-14 15:30:00+00:00,211.455,212.18,211.21,212.045,NVDA-USD,15m,2026-09-14T15:30:00Z
2026-09-14 15:45:00+00:00,212.07,212.325,211.685,212.185,NVDA-USD,15m,2026-09-14T15:45:00Z
2026-09-14 16:00:00+00:00,212.17,212.285,211.655,211.685,NVDA-USD,15m,2026-09-14T16:00:00Z
2026-09-14 16:15:00+00:00,211.685,212.225,211.685,211.805,NVDA-USD,15m,2026-09-14T16:15:00Z
2026-09-14 16:30:00+00:00,211.775,211.845,211.515,211.835,NVDA-USD,15m,2026-09-14T16:30:00Z
2026-09-14 16:45:00+00:00,211.855,212.385,211.725,212.115,NVDA-USD,15m,2026-09-14T16:45:00Z
2026-09-14 17:00:00+00:00,212.105,212.375,212.055,212.075,NVDA-USD,15m,2026-09-14T17:00:00Z
2026-09-14 17:15:00+00:00,212.08,212.585,211.965,212.585,NVDA-USD,15m,2026-09-14T17:15:00Z
2026-09-14 17:30:00+00:00,212.595,212.595,212.17,212.375,NVDA-USD,15m,2026-09-14T17:30:00Z
2026-09-14 17:45:00+00:00,212.375,212.74,212.375,212.415,NVDA-USD,15m,2026-09-14T17:45:00Z
2026-09-14 18:00:00+00:00,212.42,212.615,212.205,212.455,NVDA-USD,15m,2026-09-14T18:00:00Z
2026-09-14 18:15:00+00:00,212.465,212.495,212.035,212.105,NVDA-USD,15m,2026-09-14T18:15:00Z
2026-09-14 18:30:00+00:00,212.105,212.445,212.075,212.405,NVDA-USD,15m,2026-09-14T18:30:00Z
2026-09-14 18:45:00+00:00,212.395,212.575,212.235,212.57,NVDA-USD,15m,2026-09-14T18:45:00Z
2026-09-14 19:00:00+00:00,212.565,212.615,212.19,212.27,NVDA-USD,15m,2026-09-14T19:00:00Z
2026-09-14 19:15:00+00:00,212.275,212.35,212.115,212.115,NVDA-USD,15m,2026-09-14T19:15:00Z
2026-09-14 19:30:00+00:00,212.105,212.2,211.69,212.075,NVDA-USD,15m,2026-09-14T19:30:00Z
2026-09-14 19:45:00+00:00,212.075,212.155,210.805,211.04,NVDA-USD,15m,2026-09-14T19:45:00Z
2026-09-14 20:00:00+00:00,211.04,211.17,210.435,211.075,NVDA-USD,15m,2026-09-14T20:00:00Z
2026-09-14 20:15:00+00:00,211.075,211.525,210.945,211.49,NVDA-USD,15m,2026-09-14T20:15:00Z
2026-09-14 20:30:00+00:00,211.525,212.365,211.485,212.29,NVDA-USD,15m,2026-09-14T20:30:00Z
2026-09-14 20:45:00+00:00,212.31,212.635,212.23,212.345,NVDA-USD,15m,2026-09-14T20:45:00Z
2026-09-14 21:00:00+00:00,212.345,212.3921251,212.135,212.175,NVDA-USD,15m,2026-09-14T21:00:00Z
2026-09-14 21:15:00+00:00,212.175,212.42819132,212.175,212.36658194,NVDA-USD,15m,2026-09-14T21:15:00Z
2026-09-14 21:30:00+00:00,212.37259644,212.41711285,212.175,212.22917492,NVDA-USD,15m,2026-09-14T21:30:00Z
2026-09-14 21:45:00+00:00,212.23775326,212.565,212.205,212.505,NVDA-USD,15m,2026-09-14T21:45:00Z
2026-09-14 22:00:00+00:00,212.575,212.575,212.375,212.49,NVDA-USD,15m,2026-09-14T22:00:00Z
2026-09-14 22:15:00+00:00,212.49,212.605,212.36,212.46883077,NVDA-USD,15m,2026-09-14T22:15:00Z
2026-09-14 22:30:00+00:00,212.41,212.47680846,212.19,212.36403943,NVDA-USD,15m,2026-09-14T22:30:00Z
2026-09-14 22:45:00+00:00,212.36506233,212.47868764,212.22,212.38,NVDA-USD,15m,2026-09-14T22:45:00Z
2026-09-14 23:00:00+00:00,212.38,212.41561662,212.22,212.37,NVDA-USD,15m,2026-09-14T23:00:00Z
2026-09-14 23:15:00+00:00,212.39,212.40919927,212.255,212.275,NVDA-USD,15m,2026-09-14T23:15:00Z
2026-09-14 23:30:00+00:00,212.275,212.27854812,212.145,212.16,NVDA-USD,15m,2026-09-14T23:30:00Z
2026-09-14 23:45:00+00:00,212.16,212.16,212.02,212.035,NVDA-USD,15m,2026-09-14T23:45:00Z
2026-09-15 00:00:00+00:00,213.375,213.375,211.95,212.22,NVDA-USD,15m,2026-09-15T00:00:00Z
2026-09-15 00:15:00+00:00,212.205,212.325,212.115,212.26,NVDA-USD,15m,2026-09-15T00:15:00Z
2026-09-15 00:30:00+00:00,212.26,212.51,212.25,212.47,NVDA-USD,15m,2026-09-15T00:30:00Z
2026-09-15 00:45:00+00:00,212.485,212.505,212.255,212.385,NVDA-USD,15m,2026-09-15T00:45:00Z
2026-09-15 01:00:00+00:00,212.385,212.51,212.31,212.505,NVDA-USD,15m,2026-09-15T01:00:00Z
2026-09-15 01:15:00+00:00,212.485,212.51,212.395,212.395,NVDA-USD,15m,2026-09-15T01:15:00Z
2026-09-15 01:30:00+00:00,212.395,212.51,212.17,212.275,NVDA-USD,15m,2026-09-15T01:30:00Z
2026-09-15 01:45:00+00:00,212.275,212.47,212.245,212.41,NVDA-USD,15m,2026-09-15T01:45:00Z
2026-09-15 02:00:00+00:00,212.41,212.49,212.385,212.43,NVDA-USD,15m,2026-09-15T02:00:00Z
2026-09-15 02:15:00+00:00,212.435,212.45222666,212.375,212.45,NVDA-USD,15m,2026-09-15T02:15:00Z
2026-09-15 02:30:00+00:00,212.45,212.57,212.43,212.55,NVDA-USD,15m,2026-09-15T02:30:00Z
2026-09-15 02:45:00+00:00,212.55,212.725,212.525,212.555,NVDA-USD,15m,2026-09-15T02:45:00Z
2026-09-15 03:00:00+00:00,212.555,212.655,212.545,212.595,NVDA-USD,15m,2026-09-15T03:00:00Z
2026-09-15 03:15:00+00:00,212.61,212.65,212.555,212.61049189,NVDA-USD,15m,2026-09-15T03:15:00Z
2026-09-15 03:30:00+00:00,212.61095737,212.72,212.6,212.63,NVDA-USD,15m,2026-09-15T03:30:00Z
2026-09-15 03:45:00+00:00,212.63,212.6306849,212.455,212.47,NVDA-USD,15m,2026-09-15T03:45:00Z
2026-09-15 04:00:00+00:00,212.47,212.57613757,212.425,212.495,NVDA-USD,15m,2026-09-15T04:00:00Z
2026-09-15 04:15:00+00:00,212.51,212.515,212.115,212.125,NVDA-USD,15m,2026-09-15T04:15:00Z
2026-09-15 04:30:00+00:00,212.12,212.245,212.005,212.235,NVDA-USD,15m,2026-09-15T04:30:00Z
2026-09-15 04:45:00+00:00,212.23,212.305,212.075,212.21,NVDA-USD,15m,2026-09-15T04:45:00Z
2026-09-15 05:00:00+00:00,212.21,212.27,211.815,211.86,NVDA-USD,15m,2026-09-15T05:00:00Z
2026-09-15 05:15:00+00:00,211.86,211.92,211.62,211.865,NVDA-USD,15m,2026-09-15T05:15:00Z
2026-09-15 05:30:00+00:00,211.865,212.25,211.805,212.215,NVDA-USD,15m,2026-09-15T05:30:00Z
2026-09-15 05:45:00+00:00,212.235,212.44,212.2,212.285,NVDA-USD,15m,2026-09-15T05:45:00Z
2026-09-15 06:00:00+00:00,212.285,212.42,212.18,212.4,NVDA-USD,15m,2026-09-15T06:00:00Z
2026-09-15 06:15:00+00:00,212.4,212.46,212.29,212.355,NVDA-USD,15m,2026-09-15T06:15:00Z
2026-09-15 06:30:00+00:00,212.355,212.365,212.04,212.075,NVDA-USD,15m,2026-09-15T06:30:00Z
2026-09-15 06:45:00+00:00,212.07,212.175,211.975,212.05,NVDA-USD,15m,2026-09-15T06:45:00Z
2026-09-15 07:00:00+00:00,212.05,212.14,211.77,211.78,NVDA-USD,15m,2026-09-15T07:00:00Z
2026-09-15 07:15:00+00:00,211.78,211.99,211.76,211.89,NVDA-USD,15m,2026-09-15T07:15:00Z
2026-09-15 07:30:00+00:00,211.89,211.965,211.685,211.685,NVDA-USD,15m,2026-09-15T07:30:00Z
2026-09-15 07:45:00+00:00,211.685,211.85,211.665,211.755,NVDA-USD,15m,2026-09-15T07:45:00Z
2026-09-15 08:00:00+00:00,211.855,211.87,210.995,211.175,NVDA-USD,15m,2026-09-15T08:00:00Z
2026-09-15 08:15:00+00:00,211.19,211.575,211.19,211.39,NVDA-USD,15m,2026-09-15T08:15:00Z
2026-09-15 08:30:00+00:00,211.405,211.42,211.24,211.335,NVDA-USD,15m,2026-09-15T08:30:00Z
2026-09-15 08:45:00+00:00,211.33,211.45606841,211.265,211.405,NVDA-USD,15m,2026-09-15T08:45:00Z
2026-09-15 09:00:00+00:00,211.4,211.575,211.27,211.47,NVDA-USD,15m,2026-09-15T09:00:00Z
2026-09-15 09:15:00+00:00,211.47,211.725,211.295,211.7,NVDA-USD,15m,2026-09-15T09:15:00Z
2026-09-15 09:30:00+00:00,211.7,211.89585024,211.57,211.875,NVDA-USD,15m,2026-09-15T09:30:00Z
2026-09-15 09:45:00+00:00,211.875,212.29,211.875,212.175,NVDA-USD,15m,2026-09-15T09:45:00Z
2026-09-15 10:00:00+00:00,212.175,212.405,212.175,212.315,NVDA-USD,15m,2026-09-15T10:00:00Z
2026-09-15 10:15:00+00:00,212.305,212.44857935,212.11,212.35,NVDA-USD,15m,2026-09-15T10:15:00Z
2026-09-15 10:30:00+00:00,212.35,212.445,212.285,212.405,NVDA-USD,15m,2026-09-15T10:30:00Z
2026-09-15 10:45:00+00:00,212.405,212.49872343,212.25,212.39,NVDA-USD,15m,2026-09-15T10:45:00Z
2026-09-15 11:00:00+00:00,212.39,212.655,212.38,212.5,NVDA-USD,15m,2026-09-15T11:00:00Z
2026-09-15 11:15:00+00:00,212.5,212.53415981,212.165,212.245,NVDA-USD,15m,2026-09-15T11:15:00Z
2026-09-15 11:30:00+00:00,212.215,212.27084176,212.03,212.2,NVDA-USD,15m,2026-09-15T11:30:00Z
2026-09-15 11:45:00+00:00,212.2,212.36,212.145,212.265,NVDA-USD,15m,2026-09-15T11:45:00Z
2026-09-15 12:00:00+00:00,212.265,212.48,212.075,212.48,NVDA-USD,15m,2026-09-15T12:00:00Z
2026-09-15 12:15:00+00:00,212.485,212.735,212.22,212.25,NVDA-USD,15m,2026-09-15T12:15:00Z
2026-09-15 12:30:00+00:00,212.25,212.33,211.985,212.28,NVDA-USD,15m,2026-09-15T12:30:00Z
2026-09-15 12:45:00+00:00,212.28,212.895,212.28,212.57,NVDA-USD,15m,2026-09-15T12:45:00Z
2026-09-15 13:00:00+00:00,212.535,212.83,212.49,212.8,NVDA-USD,15m,2026-09-15T13:00:00Z
2026-09-15 13:15:00+00:00,212.8,213.45,212.325,213.41,NVDA-USD,15m,2026-09-15T13:15:00Z
2026-09-15 13:30:00+00:00,213.035,213.815,212.615,213.3,NVDA-USD,15m,2026-09-15T13:30:00Z
2026-09-15 13:45:00+00:00,213.31,213.93,213.025,213.285,NVDA-USD,15m,2026-09-15T13:45:00Z
2026-09-15 14:00:00+00:00,213.225,213.225,212.415,212.64,NVDA-USD,15m,2026-09-15T14:00:00Z
2026-09-15 14:15:00+00:00,212.64,212.895,211.975,212.75,NVDA-USD,15m,2026-09-15T14:15:00Z
2026-09-15 14:30:00+00:00,212.725,213.055,212.545,212.71,NVDA-USD,15m,2026-09-15T14:30:00Z
2026-09-15 14:45:00+00:00,212.715,212.945,211.635,212.035,NVDA-USD,15m,2026-09-15T14:45:00Z
2026-09-15 15:00:00+00:00,212.035,212.59,212.035,212.24,NVDA-USD,15m,2026-09-15T15:00:00Z
2026-09-15 15:15:00+00:00,212.225,212.365,211.995,212.26,NVDA-USD,15m,2026-09-15T15:15:00Z
2026-09-15 15:30:00+00:00,212.235,212.47,212.005,212.28,NVDA-USD,15m,2026-09-15T15:30:00Z
2026-09-15 15:45:00+00:00,212.28,212.43,211.955,212.17,NVDA-USD,15m,2026-09-15T15:45:00Z
2026-09-15 16:00:00+00:00,212.18,212.345,211.855,211.855,NVDA-USD,15m,2026-09-15T16:00:00Z
2026-09-15 16:15:00+00:00,211.84,212.165,211.805,211.975,NVDA-USD,15m,2026-09-15T16:15:00Z
2026-09-15 16:30:00+00:00,211.96,212.195,211.715,212.08,NVDA-USD,15m,2026-09-15T16:30:00Z
2026-09-15 16:45:00+00:00,212.075,212.15,211.71,211.775,NVDA-USD,15m,2026-09-15T16:45:00Z
2026-09-15 17:00:00+00:00,211.775,211.8,211.27,211.425,NVDA-USD,15m,2026-09-15T17:00:00Z
2026-09-15 17:15:00+00:00,211.425,211.74,211.165,211.335,NVDA-USD,15m,2026-09-15T17:15:00Z
2026-09-15 17:30:00+00:00,211.335,211.785,211.335,211.55,NVDA-USD,15m,2026-09-15T17:30:00Z
2026-09-15 17:45:00+00:00,211.57,211.975,211.475,211.955,NVDA-USD,15m,2026-09-15T17:45:00Z
2026-09-15 18:00:00+00:00,211.955,212.1,211.68,211.7,NVDA-USD,15m,2026-09-15T18:00:00Z
2026-09-15 18:15:00+00:00,211.705,212.195,211.56,212.105,NVDA-USD,15m,2026-09-15T18:15:00Z
2026-09-15 18:30:00+00:00,212.095,212.31,211.945,212.015,NVDA-USD,15m,2026-09-15T18:30:00Z
2026-09-15 18:45:00+00:00,212.015,212.145,211.92,212.115,NVDA-USD,15m,2026-09-15T18:45:00Z
2026-09-15 19:00:00+00:00,212.115,212.18,211.885,212.015,NVDA-USD,15m,2026-09-15T19:00:00Z
2026-09-15 19:15:00+00:00,212.015,212.145,211.89,212.115,NVDA-USD,15m,2026-09-15T19:15:00Z
2026-09-15 19:30:00+00:00,212.115,212.165,211.755,211.935,NVDA-USD,15m,2026-09-15T19:30:00Z
2026-09-15 19:45:00+00:00,211.935,212.295,211.84,212.115,NVDA-USD,15m,2026-09-15T19:45:00Z
2026-09-15 20:00:00+00:00,212.135,212.4192307,212.13,212.4192307,NVDA-USD,15m,2026-09-15T20:00:00Z
2026-09-15 20:15:00+00:00,212.422777,212.45953275,212.37,212.39,NVDA-USD,15m,2026-09-15T20:15:00Z
2026-09-15 20:30:00+00:00,212.39,212.655,212.37,212.625,NVDA-USD,15m,2026-09-15T20:30:00Z
2026-09-15 20:45:00+00:00,212.63,212.68156844,212.55,212.55,NVDA-USD,15m,2026-09-15T20:45:00Z
2026-09-15 21:00:00+00:00,212.55,212.59756745,212.425,212.465,NVDA-USD,15m,2026-09-15T21:00:00Z
2026-09-15 21:15:00+00:00,212.495,212.52628002,212.37,212.385,NVDA-USD,15m,2026-09-15T21:15:00Z
2026-09-15 21:30:00+00:00,212.39,212.39013158,212.22,212.26534722,NVDA-USD,15m,2026-09-15T21:30:00Z
2026-09-15 21:45:00+00:00,212.26947788,212.37934946,212.18,212.335,NVDA-USD,15m,2026-09-15T21:45:00Z
2026-09-15 22:00:00+00:00,212.35,212.51376501,212.28,212.33,NVDA-USD,15m,2026-09-15T22:00:00Z
2026-09-15 22:15:00+00:00,212.33,212.64993389,212.31,212.62447009,NVDA-USD,15m,2026-09-15T22:15:00Z
2026-09-15 22:30:00+00:00,212.62704357,212.69885987,212.545,212.585,NVDA-USD,15m,2026-09-15T22:30:00Z
2026-09-15 22:45:00+00:00,212.585,212.68644014,212.43,212.44,NVDA-USD,15m,2026-09-15T22:45:00Z
2026-09-15 23:00:00+00:00,212.465,212.5803755,212.36,212.415,NVDA-USD,15m,2026-09-15T23:00:00Z
2026-09-15 23:15:00+00:00,212.415,212.51080107,212.185,212.25,NVDA-USD,15m,2026-09-15T23:15:00Z
2026-09-15 23:30:00+00:00,212.25,212.4528747,212.205,212.38,NVDA-USD,15m,2026-09-15T23:30:00Z
2026-09-15 23:45:00+00:00,212.38,212.50866552,212.285,212.4751798,NVDA-USD,15m,2026-09-15T23:45:00Z
2026-09-16 00:00:00+00:00,212.88,212.88,212.3,212.47,NVDA-USD,15m,2026-09-16T00:00:00Z
2026-09-16 00:15:00+00:00,212.47,212.47,212.34,212.365,NVDA-USD,15m,2026-09-16T00:15:00Z
2026-09-16 00:30:00+00:00,212.365,212.49,212.365,212.405,NVDA-USD,15m,2026-09-16T00:30:00Z
2026-09-16 00:45:00+00:00,212.405,212.47,212.345,212.395,NVDA-USD,15m,2026-09-16T00:45:00Z
2026-09-16 01:00:00+00:00,212.385,212.46,212.185,212.46,NVDA-USD,15m,2026-09-16T01:00:00Z
2026-09-16 01:15:00+00:00,212.475,212.5,212.37,212.37,NVDA-USD,15m,2026-09-16T01:15:00Z
2026-09-16 01:30:00+00:00,212.345,212.36,212.07,212.095,NVDA-USD,15m,2026-09-16T01:30:00Z
2026-09-16 01:45:00+00:00,212.1,212.115,211.85,211.88,NVDA-USD,15m,2026-09-16T01:45:00Z
2026-09-16 02:00:00+00:00,211.88,212.185,211.85,212.045,NVDA-USD,15m,2026-09-16T02:00:00Z
2026-09-16 02:15:00+00:00,212.05,212.3,212.045,212.295,NVDA-USD,15m,2026-09-16T02:15:00Z
2026-09-16 02:30:00+00:00,212.325,212.45,212.27,212.275,NVDA-USD,15m,2026-09-16T02:30:00Z
2026-09-16 02:45:00+00:00,212.275,212.435,212.275,212.435,NVDA-USD,15m,2026-09-16T02:45:00Z
2026-09-16 03:00:00+00:00,212.445,212.875,212.44,212.875,NVDA-USD,15m,2026-09-16T03:00:00Z
2026-09-16 03:15:00+00:00,212.875,213.245,212.81,213.07,NVDA-USD,15m,2026-09-16T03:15:00Z
2026-09-16 03:30:00+00:00,213.07,213.075,212.735,212.785,NVDA-USD,15m,2026-09-16T03:30:00Z
2026-09-16 03:45:00+00:00,212.845,213.055,212.845,213.02,NVDA-USD,15m,2026-09-16T03:45:00Z
2026-09-16 04:00:00+00:00,213.015,213.11,213.01,213.08,NVDA-USD,15m,2026-09-16T04:00:00Z
2026-09-16 04:15:00+00:00,213.08,213.135,213.045,213.075,NVDA-USD,15m,2026-09-16T04:15:00Z
2026-09-16 04:30:00+00:00,213.075,213.07558504,212.9,212.97,NVDA-USD,15m,2026-09-16T04:30:00Z
2026-09-16 04:45:00+00:00,212.97,213.08,212.96,213.035,NVDA-USD,15m,2026-09-16T04:45:00Z
2026-09-16 05:00:00+00:00,213.035,213.285,212.93,213.285,NVDA-USD,15m,2026-09-16T05:00:00Z
2026-09-16 05:15:00+00:00,213.285,213.405,213.185,213.255,NVDA-USD,15m,2026-09-16T05:15:00Z
2026-09-16 05:30:00+00:00,213.255,213.635,213.23,213.635,NVDA-USD,15m,2026-09-16T05:30:00Z
2026-09-16 05:45:00+00:00,213.645,213.715,213.415,213.515,NVDA-USD,15m,2026-09-16T05:45:00Z
2026-09-16 06:00:00+00:00,213.515,213.67,213.375,213.565,NVDA-USD,15m,2026-09-16T06:00:00Z
2026-09-16 06:15:00+00:00,213.57,213.63,213.31,213.365,NVDA-USD,15m,2026-09-16T06:15:00Z
2026-09-16 06:30:00+00:00,213.38,213.51,213.335,213.44,NVDA-USD,15m,2026-09-16T06:30:00Z
2026-09-16 06:45:00+00:00,213.44,213.63,213.34,213.62,NVDA-USD,15m,2026-09-16T06:45:00Z
2026-09-16 07:00:00+00:00,213.62,213.905,213.605,213.865,NVDA-USD,15m,2026-09-16T07:00:00Z
2026-09-16 07:15:00+00:00,213.865,213.89,213.765,213.85,NVDA-USD,15m,2026-09-16T07:15:00Z
2026-09-16 07:30:00+00:00,213.815,213.885,213.72,213.775,NVDA-USD,15m,2026-09-16T07:30:00Z
2026-09-16 07:45:00+00:00,213.775,213.80079605,213.625,213.68,NVDA-USD,15m,2026-09-16T07:45:00Z
2026-09-16 08:00:00+00:00,213.6,213.83,213.42,213.435,NVDA-USD,15m,2026-09-16T08:00:00Z
2026-09-16 08:15:00+00:00,213.43,213.685,213.355,213.515,NVDA-USD,15m,2026-09-16T08:15:00Z
2026-09-16 08:30:00+00:00,213.515,213.60998026,213.215,213.31,NVDA-USD,15m,2026-09-16T08:30:00Z
2026-09-16 08:45:00+00:00,213.305,213.61783385,213.265,213.555,NVDA-USD,15m,2026-09-16T08:45:00Z
2026-09-16 09:00:00+00:00,213.555,213.635,213.31,213.31,NVDA-USD,15m,2026-09-16T09:00:00Z
2026-09-16 09:15:00+00:00,213.31,213.35222431,213.065,213.12,NVDA-USD,15m,2026-09-16T09:15:00Z
2026-09-16 09:30:00+00:00,213.12,213.45,213.1,213.425,NVDA-USD,15m,2026-09-16T09:30:00Z
2026-09-16 09:45:00+00:00,213.43,213.46386239,213.25,213.36,NVDA-USD,15m,2026-09-16T09:45:00Z
2026-09-16 10:00:00+00:00,213.36,213.36,213.055,213.24,NVDA-USD,15m,2026-09-16T10:00:00Z
2026-09-16 10:15:00+00:00,213.24,213.34,213.175,213.26,NVDA-USD,15m,2026-09-16T10:15:00Z
2026-09-16 10:30:00+00:00,213.245,213.295,213.165,213.24,NVDA-USD,15m,2026-09-16T10:30:00Z
2026-09-16 10:45:00+00:00,213.24,213.29830064,213.145,213.21,NVDA-USD,15m,2026-09-16T10:45:00Z
2026-09-16 11:00:00+00:00,213.31,213.475,213.105,213.105,NVDA-USD,15m,2026-09-16T11:00:00Z
2026-09-16 11:15:00+00:00,213.105,213.24654643,213.02,213.175,NVDA-USD,15m,2026-09-16T11:15:00Z
2026-09-16 11:30:00+00:00,213.18,213.515,213.155,213.44,NVDA-USD,15m,2026-09-16T11:30:00Z
2026-09-16 11:45:00+00:00,213.45,213.77,213.425,213.73,NVDA-USD,15m,2026-09-16T11:45:00Z
2026-09-16 12:00:00+00:00,213.695,214.21,213.665,214.035,NVDA-USD,15m,2026-09-16T12:00:00Z
2026-09-16 12:15:00+00:00,214.035,214.285,213.96,214.275,NVDA-USD,15m,2026-09-16T12:15:00Z
2026-09-16 12:30:00+00:00,214.285,214.4,213.715,213.75,NVDA-USD,15m,2026-09-16T12:30:00Z
2026-09-16 12:45:00+00:00,213.73,213.975,213.62,213.8,NVDA-USD,15m,2026-09-16T12:45:00Z
2026-09-16 13:00:00+00:00,213.8,214.64,213.59,213.945,NVDA-USD,15m,2026-09-16T13:00:00Z
2026-09-16 13:15:00+00:00,213.97,214.355,213.825,214.14,NVDA-USD,15m,2026-09-16T13:15:00Z
2026-09-16 13:30:00+00:00,214.19,214.34,213.34,213.47,NVDA-USD,15m,2026-09-16T13:30:00Z
2026-09-16 13:45:00+00:00,213.54,215.14,213.52,214.71,NVDA-USD,15m,2026-09-16T13:45:00Z
2026-09-16 14:00:00+00:00,214.67,215.245,214.56,214.805,NVDA-USD,15m,2026-09-16T14:00:00Z
2026-09-16 14:15:00+00:00,214.835,215.295,214.805,215.02,NVDA-USD,15m,2026-09-16T14:15:00Z
2026-09-16 14:30:00+00:00,215.055,215.295,214.855,215.285,NVDA-USD,15m,2026-09-16T14:30:00Z
2026-09-16 14:45:00+00:00,215.285,215.475,215.115,215.45,NVDA-USD,15m,2026-09-16T14:45:00Z
2026-09-16 15:00:00+00:00,215.445,216.295,215.445,215.96,NVDA-USD,15m,2026-09-16T15:00:00Z
2026-09-16 15:15:00+00:00,215.97,216.085,215.69,215.85,NVDA-USD,15m,2026-09-16T15:15:00Z
2026-09-16 15:30:00+00:00,215.865,216.285,215.79,216.155,NVDA-USD,15m,2026-09-16T15:30:00Z
2026-09-16 15:45:00+00:00,216.155,216.755,216.045,216.045,NVDA-USD,15m,2026-09-16T15:45:00Z
2026-09-16 16:00:00+00:00,216.05,216.14,215.52,215.695,NVDA-USD,15m,2026-09-16T16:00:00Z
2026-09-16 16:15:00+00:00,215.705,215.955,215.605,215.875,NVDA-USD,15m,2026-09-16T16:15:00Z
2026-09-16 16:30:00+00:00,215.87,215.97,215.765,215.875,NVDA-USD,15m,2026-09-16T16:30:00Z
2026-09-16 16:45:00+00:00,215.875,216.185,215.875,216.005,NVDA-USD,15m,2026-09-16T16:45:00Z
2026-09-16 17:00:00+00:00,216.005,216.005,215.475,215.68,NVDA-USD,15m,2026-09-16T17:00:00Z
2026-09-16 17:15:00+00:00,215.68,215.685,215.24,215.435,NVDA-USD,15m,2026-09-16T17:15:00Z
2026-09-16 17:30:00+00:00,215.44,215.495,214.725,214.745,NVDA-USD,15m,2026-09-16T17:30:00Z
2026-09-16 17:45:00+00:00,214.75,215.31,214.735,215.25,NVDA-USD,15m,2026-09-16T17:45:00Z
2026-09-16 18:00:00+00:00,215.255,216.445,214.96,215.685,NVDA-USD,15m,2026-09-16T18:00:00Z
2026-09-16 18:15:00+00:00,215.67,215.905,215.1,215.53,NVDA-USD,15m,2026-09-16T18:15:00Z
2026-09-16 18:30:00+00:00,215.505,215.76,214.22,215.52,NVDA-USD,15m,2026-09-16T18:30:00Z
2026-09-16 18:45:00+00:00,215.53,215.72,213.72,213.84,NVDA-USD,15m,2026-09-16T18:45:00Z
2026-09-16 19:00:00+00:00,213.87,214.455,212.785,213.015,NVDA-USD,15m,2026-09-16T19:00:00Z
2026-09-16 19:15:00+00:00,213.03,213.39,212.51,213.35,NVDA-USD,15m,2026-09-16T19:15:00Z
2026-09-16 19:30:00+00:00,213.34,214.065,213.23,213.66,NVDA-USD,15m,2026-09-16T19:30:00Z
2026-09-16 19:45:00+00:00,213.635,214.445,213.355,213.945,NVDA-USD,15m,2026-09-16T19:45:00Z
2026-09-16 20:00:00+00:00,213.92,214.465,213.85,214.325,NVDA-USD,15m,2026-09-16T20:00:00Z
2026-09-16 20:15:00+00:00,214.325,214.385,214.145,214.235,NVDA-USD,15m,2026-09-16T20:15:00Z
2026-09-16 20:30:00+00:00,214.235,214.375,214.23,214.375,NVDA-USD,15m,2026-09-16T20:30:00Z
2026-09-16 20:45:00+00:00,214.375,214.50666672,214.35,214.39923361,NVDA-USD,15m,2026-09-16T20:45:00Z
2026-09-16 21:00:00+00:00,214.38,214.502589,214.375,214.405,NVDA-USD,15m,2026-09-16T21:00:00Z
2026-09-16 21:15:00+00:00,214.42,214.56791826,214.4,214.425,NVDA-USD,15m,2026-09-16T21:15:00Z
2026-09-16 21:30:00+00:00,214.425,214.835,214.405,214.805,NVDA-USD,15m,2026-09-16T21:30:00Z
2026-09-16 21:45:00+00:00,214.805,214.82552047,214.585,214.65,NVDA-USD,15m,2026-09-16T21:45:00Z
2026-09-16 22:00:00+00:00,214.59,214.72229888,214.385,214.7177019,NVDA-USD,15m,2026-09-16T22:00:00Z
2026-09-16 22:15:00+00:00,214.72071537,214.83635144,214.645,214.81,NVDA-USD,15m,2026-09-16T22:15:00Z
2026-09-16 22:30:00+00:00,214.81,215.23,214.81,215.08,NVDA-USD,15m,2026-09-16T22:30:00Z
2026-09-16 22:45:00+00:00,215.1,215.15,214.845,214.885,NVDA-USD,15m,2026-09-16T22:45:00Z
2026-09-16 23:00:00+00:00,214.95,215.09674779,214.89,215.035,NVDA-USD,15m,2026-09-16T23:00:00Z
2026-09-16 23:15:00+00:00,215.035,215.24424086,215.025,215.21,NVDA-USD,15m,2026-09-16T23:15:00Z
2026-09-16 23:30:00+00:00,215.155,215.32,215.06,215.27,NVDA-USD,15m,2026-09-16T23:30:00Z
2026-09-16 23:45:00+00:00,215.27,215.765,215.235,215.69,NVDA-USD,15m,2026-09-16T23:45:00Z
2026-09-17 00:00:00+00:00,215.505,215.8,215.23,215.26,NVDA-USD,15m,2026-09-17T00:00:00Z
2026-09-17 00:15:00+00:00,215.28,215.59,215.275,215.47,NVDA-USD,15m,2026-09-17T00:15:00Z
2026-09-17 00:30:00+00:00,215.465,215.685,215.435,215.58,NVDA-USD,15m,2026-09-17T00:30:00Z
2026-09-17 00:45:00+00:00,215.585,215.585,215.315,215.515,NVDA-USD,15m,2026-09-17T00:45:00Z
2026-09-17 01:00:00+00:00,215.515,215.65,215.305,215.42072293,NVDA-USD,15m,2026-09-17T01:00:00Z
2026-09-17 01:15:00+00:00,215.42143463,215.53,215.42,215.53,NVDA-USD,15m,2026-09-17T01:15:00Z
2026-09-17 01:30:00+00:00,215.53,215.65,215.38,215.47,NVDA-USD,15m,2026-09-17T01:30:00Z
2026-09-17 01:45:00+00:00,215.48,215.535,215.285,215.34,NVDA-USD,15m,2026-09-17T01:45:00Z
2026-09-17 02:00:00+00:00,215.365,215.375,215.245,215.27,NVDA-USD,15m,2026-09-17T02:00:00Z
2026-09-17 02:15:00+00:00,215.27,215.44126497,215.225,215.345,NVDA-USD,15m,2026-09-17T02:15:00Z
2026-09-17 02:30:00+00:00,215.345,215.77,215.345,215.715,NVDA-USD,15m,2026-09-17T02:30:00Z
2026-09-17 02:45:00+00:00,215.715,215.77,215.535,215.56,NVDA-USD,15m,2026-09-17T02:45:00Z
2026-09-17 03:00:00+00:00,215.56,215.72,215.54,215.68,NVDA-USD,15m,2026-09-17T03:00:00Z
2026-09-17 03:15:00+00:00,215.68,215.71,215.61,215.645,NVDA-USD,15m,2026-09-17T03:15:00Z
2026-09-17 03:30:00+00:00,215.63,215.71,215.58,215.7,NVDA-USD,15m,2026-09-17T03:30:00Z
2026-09-17 03:45:00+00:00,215.7,215.78104089,215.63,215.77,NVDA-USD,15m,2026-09-17T03:45:00Z
2026-09-17 04:00:00+00:00,215.77,215.78051929,215.64,215.64,NVDA-USD,15m,2026-09-17T04:00:00Z
2026-09-17 04:15:00+00:00,215.635,215.725,215.595,215.7,NVDA-USD,15m,2026-09-17T04:15:00Z
2026-09-17 04:30:00+00:00,215.7,215.8,215.595,215.785,NVDA-USD,15m,2026-09-17T04:30:00Z
2026-09-17 04:45:00+00:00,215.78,215.865,215.75,215.8,NVDA-USD,15m,2026-09-17T04:45:00Z
2026-09-17 05:00:00+00:00,215.795,215.8,215.685,215.71,NVDA-USD,15m,2026-09-17T05:00:00Z
2026-09-17 05:15:00+00:00,215.71,215.735,215.63,215.655,NVDA-USD,15m,2026-09-17T05:15:00Z
2026-09-17 05:30:00+00:00,215.665,215.665,215.405,215.41,NVDA-USD,15m,2026-09-17T05:30:00Z
2026-09-17 05:45:00+00:00,215.41,215.485,215.365,215.37,NVDA-USD,15m,2026-09-17T05:45:00Z
2026-09-17 06:00:00+00:00,215.37,215.575,215.325,215.325,NVDA-USD,15m,2026-09-17T06:00:00Z
2026-09-17 06:15:00+00:00,215.325,215.56,215.095,215.55,NVDA-USD,15m,2026-09-17T06:15:00Z
2026-09-17 06:30:00+00:00,215.57,215.72535787,215.545,215.72,NVDA-USD,15m,2026-09-17T06:30:00Z
2026-09-17 06:45:00+00:00,215.72,215.79,215.69,215.7356161,NVDA-USD,15m,2026-09-17T06:45:00Z
2026-09-17 07:00:00+00:00,215.725,216.045,215.69,216.035,NVDA-USD,15m,2026-09-17T07:00:00Z
2026-09-17 07:15:00+00:00,216.035,216.285,216.01,216.27,NVDA-USD,15m,2026-09-17T07:15:00Z
2026-09-17 07:30:00+00:00,216.275,216.475,216.265,216.29,NVDA-USD,15m,2026-09-17T07:30:00Z
2026-09-17 07:45:00+00:00,216.285,216.295,216.07,216.13,NVDA-USD,15m,2026-09-17T07:45:00Z
2026-09-17 08:00:00+00:00,216.25,216.58,216.035,216.19,NVDA-USD,15m,2026-09-17T08:00:00Z
2026-09-17 08:15:00+00:00,216.145,216.76,216.14,216.76,NVDA-USD,15m,2026-09-17T08:15:00Z
2026-09-17 08:30:00+00:00,216.74,216.85,216.605,216.665,NVDA-USD,15m,2026-09-17T08:30:00Z
2026-09-17 08:45:00+00:00,216.67,217.16,216.64,217.08,NVDA-USD,15m,2026-09-17T08:45:00Z
2026-09-17 09:00:00+00:00,217.08,217.375,217.08,217.235,NVDA-USD,15m,2026-09-17T09:00:00Z
2026-09-17 09:15:00+00:00,217.245,217.39258172,217.105,217.28469097,NVDA-USD,15m,2026-09-17T09:15:00Z
2026-09-17 09:30:00+00:00,217.28924607,217.515,217.27,217.285,NVDA-USD,15m,2026-09-17T09:30:00Z
2026-09-17 09:45:00+00:00,217.285,217.335,217.14,217.15,NVDA-USD,15m,2026-09-17T09:45:00Z
2026-09-17 10:00:00+00:00,217.15,217.23833822,216.86,216.97,NVDA-USD,15m,2026-09-17T10:00:00Z
2026-09-17 10:15:00+00:00,216.97,217.155,216.925,217.055,NVDA-USD,15m,2026-09-17T10:15:00Z
2026-09-17 10:30:00+00:00,217.055,217.05874809,216.825,216.835,NVDA-USD,15m,2026-09-17T10:30:00Z
2026-09-17 10:45:00+00:00,216.835,217.01,216.785,216.985,NVDA-USD,15m,2026-09-17T10:45:00Z
2026-09-17 11:00:00+00:00,216.985,217.29,216.795,216.88,NVDA-USD,15m,2026-09-17T11:00:00Z
2026-09-17 11:15:00+00:00,216.88,216.895,216.365,216.81,NVDA-USD,15m,2026-09-17T11:15:00Z
2026-09-17 11:30:00+00:00,216.82,216.955,216.65,216.845,NVDA-USD,15m,2026-09-17T11:30:00Z
2026-09-17 11:45:00+00:00,216.83,217.09,216.565,217.085,NVDA-USD,15m,2026-09-17T11:45:00Z
2026-09-17 12:00:00+00:00,217.12,217.525,217.1,217.465,NVDA-USD,15m,2026-09-17T12:00:00Z
2026-09-17 12:15:00+00:00,217.465,218.145,217.44,218.075,NVDA-USD,15m,2026-09-17T12:15:00Z
2026-09-17 12:30:00+00:00,218.095,218.935,218.0,218.385,NVDA-USD,15m,2026-09-17T12:30:00Z
2026-09-17 12:45:00+00:00,218.385,218.78,218.18,218.5,NVDA-USD,15m,2026-09-17T12:45:00Z
2026-09-17 13:00:00+00:00,218.5,218.77,218.3,218.555,NVDA-USD,15m,2026-09-17T13:00:00Z
2026-09-17 13:15:00+00:00,218.555,218.99,218.32,218.39,NVDA-USD,15m,2026-09-17T13:15:00Z
2026-09-17 13:30:00+00:00,218.38,218.665,217.21,217.83,NVDA-USD,15m,2026-09-17T13:30:00Z
2026-09-17 13:45:00+00:00,217.93,219.17,217.725,219.03,NVDA-USD,15m,2026-09-17T13:45:00Z
2026-09-17 14:00:00+00:00,219.035,219.58,218.54,219.485,NVDA-USD,15m,2026-09-17T14:00:00Z
2026-09-17 14:15:00+00:00,219.495,219.83,219.08,219.51,NVDA-USD,15m,2026-09-17T14:15:00Z
2026-09-17 14:30:00+00:00,219.505,219.845,219.305,219.355,NVDA-USD,15m,2026-09-17T14:30:00Z
2026-09-17 14:45:00+00:00,219.35,219.365,218.92,219.135,NVDA-USD,15m,2026-09-17T14:45:00Z
2026-09-17 15:00:00+00:00,219.155,219.465,218.775,218.84,NVDA-USD,15m,2026-09-17T15:00:00Z
2026-09-17 15:15:00+00:00,218.815,219.295,218.805,219.24,NVDA-USD,15m,2026-09-17T15:15:00Z
2026-09-17 15:30:00+00:00,219.24,219.285,218.95,219.175,NVDA-USD,15m,2026-09-17T15:30:00Z
2026-09-17 15:45:00+00:00,219.2,219.225,218.715,218.925,NVDA-USD,15m,2026-09-17T15:45:00Z
2026-09-17 16:00:00+00:00,218.96,219.025,218.63,218.705,NVDA-USD,15m,2026-09-17T16:00:00Z
2026-09-17 16:15:00+00:00,218.71,218.995,218.7,218.925,NVDA-USD,15m,2026-09-17T16:15:00Z
2026-09-17 16:30:00+00:00,218.92,219.04,218.725,218.91,NVDA-USD,15m,2026-09-17T16:30:00Z
2026-09-17 16:45:00+00:00,218.915,219.075,218.49,218.705,NVDA-USD,15m,2026-09-17T16:45:00Z
2026-09-17 17:00:00+00:00,218.705,219.19,218.68,218.905,NVDA-USD,15m,2026-09-17T17:00:00Z
2026-09-17 17:15:00+00:00,218.92,218.995,218.785,218.9,NVDA-USD,15m,2026-09-17T17:15:00Z
2026-09-17 17:30:00+00:00,218.91,219.395,218.765,219.395,NVDA-USD,15m,2026-09-17T17:30:00Z
2026-09-17 17:45:00+00:00,219.395,219.445,219.105,219.245,NVDA-USD,15m,2026-09-17T17:45:00Z
2026-09-17 18:00:00+00:00,219.245,219.545,219.075,219.405,NVDA-USD,15m,2026-09-17T18:00:00Z
2026-09-17 18:15:00+00:00,219.405,219.74,219.4,219.545,NVDA-USD,15m,2026-09-17T18:15:00Z
2026-09-17 18:30:00+00:00,219.55,219.645,219.335,219.405,NVDA-USD,15m,2026-09-17T18:30:00Z
2026-09-17 18:45:00+00:00,219.41,219.54,219.32,219.35,NVDA-USD,15m,2026-09-17T18:45:00Z
2026-09-17 19:00:00+00:00,219.37,219.735,219.365,219.66,NVDA-USD,15m,2026-09-17T19:00:00Z
2026-09-17 19:15:00+00:00,219.665,219.855,219.545,219.575,NVDA-USD,15m,2026-09-17T19:15:00Z
2026-09-17 19:30:00+00:00,219.585,219.795,219.375,219.43,NVDA-USD,15m,2026-09-17T19:30:00Z
2026-09-17 19:45:00+00:00,219.45,219.895,219.305,219.315,NVDA-USD,15m,2026-09-17T19:45:00Z
2026-09-17 20:00:00+00:00,219.315,219.385,218.99,219.16,NVDA-USD,15m,2026-09-17T20:00:00Z
2026-09-17 20:15:00+00:00,219.155,219.185,218.93,218.945,NVDA-USD,15m,2026-09-17T20:15:00Z
2026-09-17 20:30:00+00:00,218.95,219.12942537,218.94,219.025,NVDA-USD,15m,2026-09-17T20:30:00Z
2026-09-17 20:45:00+00:00,219.06,219.29253966,219.01,219.275,NVDA-USD,15m,2026-09-17T20:45:00Z
2026-09-17 21:00:00+00:00,219.275,219.40682881,219.255,219.325,NVDA-USD,15m,2026-09-17T21:00:00Z
2026-09-17 21:15:00+00:00,219.325,219.41151293,219.29,219.32723858,NVDA-USD,15m,2026-09-17T21:15:00Z
2026-09-17 21:30:00+00:00,219.32967988,219.38522336,219.285,219.335,NVDA-USD,15m,2026-09-17T21:30:00Z
2026-09-17 21:45:00+00:00,219.335,219.455,219.33,219.435,NVDA-USD,15m,2026-09-17T21:45:00Z
2026-09-17 22:00:00+00:00,219.385,219.42,219.195,219.34596851,NVDA-USD,15m,2026-09-17T22:00:00Z
2026-09-17 22:15:00+00:00,219.3500744,219.37223776,219.115,219.125,NVDA-USD,15m,2026-09-17T22:15:00Z
2026-09-17 22:30:00+00:00,219.125,219.2,219.03,219.1,NVDA-USD,15m,2026-09-17T22:30:00Z
2026-09-17 22:45:00+00:00,219.1,219.22171506,219.07,219.135,NVDA-USD,15m,2026-09-17T22:45:00Z
2026-09-17 23:00:00+00:00,219.155,219.34118424,219.155,219.19,NVDA-USD,15m,2026-09-17T23:00:00Z
2026-09-17 23:15:00+00:00,219.19,219.31321536,219.14,219.23022623,NVDA-USD,15m,2026-09-17T23:15:00Z
2026-09-17 23:30:00+00:00,219.23216368,219.30984095,219.145,219.26310703,NVDA-USD,15m,2026-09-17T23:30:00Z
2026-09-17 23:45:00+00:00,219.26648593,219.30865327,219.08,219.245,NVDA-USD,15m,2026-09-17T23:45:00Z
2026-09-18 00:00:00+00:00,218.29,219.27,218.29,219.18,NVDA-USD,15m,2026-09-18T00:00:00Z
2026-09-18 00:15:00+00:00,219.18,219.345,219.1,219.18,NVDA-USD,15m,2026-09-18T00:15:00Z
2026-09-18 00:30:00+00:00,219.18,219.245,219.055,219.14,NVDA-USD,15m,2026-09-18T00:30:00Z
2026-09-18 00:45:00+00:00,219.14,219.14608013,219.035,219.065,NVDA-USD,15m,2026-09-18T00:45:00Z
2026-09-18 01:00:00+00:00,219.06,219.17,218.955,219.14083362,NVDA-USD,15m,2026-09-18T01:00:00Z
2026-09-18 01:15:00+00:00,219.1411105,219.1411105,218.945,219.01,NVDA-USD,15m,2026-09-18T01:15:00Z
2026-09-18 01:30:00+00:00,219.01,219.215,219.01,219.12,NVDA-USD,15m,2026-09-18T01:30:00Z
2026-09-18 01:45:00+00:00,219.12,219.26,219.115,219.195,NVDA-USD,15m,2026-09-18T01:45:00Z
2026-09-18 02:00:00+00:00,219.19,219.23,219.045,219.17,NVDA-USD,15m,2026-09-18T02:00:00Z
2026-09-18 02:15:00+00:00,219.17,219.775,219.12,219.745,NVDA-USD,15m,2026-09-18T02:15:00Z
2026-09-18 02:30:00+00:00,219.745,219.745,219.505,219.635,NVDA-USD,15m,2026-09-18T02:30:00Z
2026-09-18 02:45:00+00:00,219.635,219.74,219.58,219.59,NVDA-USD,15m,2026-09-18T02:45:00Z
2026-09-18 03:00:00+00:00,219.59,220.55,219.565,220.48,NVDA-USD,15m,2026-09-18T03:00:00Z
2026-09-18 03:15:00+00:00,220.48,220.62,220.29,220.56,NVDA-USD,15m,2026-09-18T03:15:00Z
2026-09-18 03:30:00+00:00,220.56,220.625,220.375,220.535,NVDA-USD,15m,2026-09-18T03:30:00Z
2026-09-18 03:45:00+00:00,220.535,220.635,220.125,220.255,NVDA-USD,15m,2026-09-18T03:45:00Z
2026-09-18 04:00:00+00:00,220.24,220.29,220.145,220.23,NVDA-USD,15m,2026-09-18T04:00:00Z
2026-09-18 04:15:00+00:00,220.23,220.305,220.105,220.305,NVDA-USD,15m,2026-09-18T04:15:00Z
2026-09-18 04:30:00+00:00,220.31,220.42,220.205,220.375,NVDA-USD,15m,2026-09-18T04:30:00Z
2026-09-18 04:45:00+00:00,220.375,220.685,220.375,220.615,NVDA-USD,15m,2026-09-18T04:45:00Z
2026-09-18 05:00:00+00:00,220.615,220.66,220.53,220.535,NVDA-USD,15m,2026-09-18T05:00:00Z
2026-09-18 05:15:00+00:00,220.535,220.76,220.535,220.535,NVDA-USD,15m,2026-09-18T05:15:00Z
2026-09-18 05:30:00+00:00,220.53,220.745,220.52,220.74,NVDA-USD,15m,2026-09-18T05:30:00Z
2026-09-18 05:45:00+00:00,220.74,220.755,220.535,220.585,NVDA-USD,15m,2026-09-18T05:45:00Z
2026-09-18 06:00:00+00:00,220.585,221.14,220.585,221.11,NVDA-USD,15m,2026-09-18T06:00:00Z
2026-09-18 06:15:00+00:00,221.11,221.18,220.93,220.96,NVDA-USD,15m,2026-09-18T06:15:00Z
2026-09-18 06:30:00+00:00,220.935,221.16,220.91,221.145,NVDA-USD,15m,2026-09-18T06:30:00Z
2026-09-18 06:45:00+00:00,221.15,221.165,221.05,221.165,NVDA-USD,15m,2026-09-18T06:45:00Z
2026-09-18 07:00:00+00:00,221.165,221.735,221.08,221.425,NVDA-USD,15m,2026-09-18T07:00:00Z
2026-09-18 07:15:00+00:00,221.43,221.985,221.375,221.97,NVDA-USD,15m,2026-09-18T07:15:00Z
2026-09-18 07:30:00+00:00,221.975,221.995,221.915,221.92,NVDA-USD,15m,2026-09-18T07:30:00Z
2026-09-18 07:45:00+00:00,221.92,221.92,221.685,221.715,NVDA-USD,15m,2026-09-18T07:45:00Z
2026-09-18 08:00:00+00:00,221.61,221.9,221.29,221.32,NVDA-USD,15m,2026-09-18T08:00:00Z
2026-09-18 08:15:00+00:00,221.32,221.71256614,221.315,221.51,NVDA-USD,15m,2026-09-18T08:15:00Z
2026-09-18 08:30:00+00:00,221.52,221.6548258,221.445,221.58,NVDA-USD,15m,2026-09-18T08:30:00Z
2026-09-18 08:45:00+00:00,221.58,221.625,221.295,221.295,NVDA-USD,15m,2026-09-18T08:45:00Z
2026-09-18 09:00:00+00:00,221.315,221.49872901,221.255,221.44,NVDA-USD,15m,2026-09-18T09:00:00Z
2026-09-18 09:15:00+00:00,221.45,221.46395091,221.09,221.13,NVDA-USD,15m,2026-09-18T09:15:00Z
2026-09-18 09:30:00+00:00,221.13,221.135,220.715,220.715,NVDA-USD,15m,2026-09-18T09:30:00Z
2026-09-18 09:45:00+00:00,220.725,220.84,220.64,220.64,NVDA-USD,15m,2026-09-18T09:45:00Z
2026-09-18 10:00:00+00:00,220.64,220.98696624,220.63,220.93,NVDA-USD,15m,2026-09-18T10:00:00Z
2026-09-18 10:15:00+00:00,220.93,221.04069128,220.87,220.965,NVDA-USD,15m,2026-09-18T10:15:00Z
2026-09-18 10:30:00+00:00,220.965,221.16619893,220.86,221.005,NVDA-USD,15m,2026-09-18T10:30:00Z
2026-09-18 10:45:00+00:00,221.005,221.06025073,220.77,220.885,NVDA-USD,15m,2026-09-18T10:45:00Z
2026-09-18 11:00:00+00:00,220.815,220.855,220.325,220.445,NVDA-USD,15m,2026-09-18T11:00:00Z
2026-09-18 11:15:00+00:00,220.51,220.51,220.035,220.08,NVDA-USD,15m,2026-09-18T11:15:00Z
2026-09-18 11:30:00+00:00,220.08,220.3,219.845,219.855,NVDA-USD,15m,2026-09-18T11:30:00Z
2026-09-18 11:45:00+00:00,219.865,220.01,219.8,219.85,NVDA-USD,15m,2026-09-18T11:45:00Z
2026-09-18 12:00:00+00:00,219.85,220.0,219.245,219.405,NVDA-USD,15m,2026-09-18T12:00:00Z
2026-09-18 12:15:00+00:00,219.405,219.495,219.1,219.17,NVDA-USD,15m,2026-09-18T12:15:00Z
2026-09-18 12:30:00+00:00,219.175,219.465,219.17,219.415,NVDA-USD,15m,2026-09-18T12:30:00Z
2026-09-18 12:45:00+00:00,219.415,219.42,218.975,219.14,NVDA-USD,15m,2026-09-18T12:45:00Z
2026-09-18 13:00:00+00:00,219.14,219.315,218.94,219.195,NVDA-USD,15m,2026-09-18T13:00:00Z
2026-09-18 13:15:00+00:00,219.195,219.86,218.625,219.085,NVDA-USD,15m,2026-09-18T13:15:00Z
2026-09-18 13:30:00+00:00,219.245,220.0,218.075,219.735,NVDA-USD,15m,2026-09-18T13:30:00Z
2026-09-18 13:45:00+00:00,219.805,219.99,219.22,219.22,NVDA-USD,15m,2026-09-18T13:45:00Z
2026-09-18 14:00:00+00:00,219.27,220.89,218.94,220.63,NVDA-USD,15m,2026-09-18T14:00:00Z
2026-09-18 14:15:00+00:00,220.675,220.84,219.535,219.535,NVDA-USD,15m,2026-09-18T14:15:00Z
2026-09-18 14:30:00+00:00,219.52,219.54,218.88,219.045,NVDA-USD,15m,2026-09-18T14:30:00Z
2026-09-18 14:45:00+00:00,219.025,219.54,218.98,219.0,NVDA-USD,15m,2026-09-18T14:45:00Z
2026-09-18 15:00:00+00:00,219.01,219.545,219.01,219.475,NVDA-USD,15m,2026-09-18T15:00:00Z
2026-09-18 15:15:00+00:00,219.465,219.91,219.445,219.84,NVDA-USD,15m,2026-09-18T15:15:00Z
2026-09-18 15:30:00+00:00,219.84,219.915,219.445,219.635,NVDA-USD,15m,2026-09-18T15:30:00Z
2026-09-18 15:45:00+00:00,219.645,219.74,219.475,219.565,NVDA-USD,15m,2026-09-18T15:45:00Z
2026-09-18 16:00:00+00:00,219.54,219.585,219.27,219.445,NVDA-USD,15m,2026-09-18T16:00:00Z
2026-09-18 16:15:00+00:00,219.45,219.775,219.155,219.53,NVDA-USD,15m,2026-09-18T16:15:00Z
2026-09-18 16:30:00+00:00,219.535,219.93,219.48,219.53,NVDA-USD,15m,2026-09-18T16:30:00Z
2026-09-18 16:45:00+00:00,219.535,219.8,219.425,219.65,NVDA-USD,15m,2026-09-18T16:45:00Z
2026-09-18 17:00:00+00:00,219.67,219.965,219.435,219.935,NVDA-USD,15m,2026-09-18T17:00:00Z
2026-09-18 17:15:00+00:00,219.925,220.27,219.855,220.01,NVDA-USD,15m,2026-09-18T17:15:00Z
2026-09-18 17:30:00+00:00,219.995,220.0,219.645,219.815,NVDA-USD,15m,2026-09-18T17:30:00Z
2026-09-18 17:45:00+00:00,219.815,219.83,219.44,219.495,NVDA-USD,15m,2026-09-18T17:45:00Z
2026-09-18 18:00:00+00:00,219.49,219.58,219.385,219.515,NVDA-USD,15m,2026-09-18T18:00:00Z
2026-09-18 18:15:00+00:00,219.515,219.695,219.305,219.385,NVDA-USD,15m,2026-09-18T18:15:00Z
2026-09-18 18:30:00+00:00,219.395,219.49,219.285,219.335,NVDA-USD,15m,2026-09-18T18:30:00Z
2026-09-18 18:45:00+00:00,219.335,219.885,219.325,219.555,NVDA-USD,15m,2026-09-18T18:45:00Z
2026-09-18 19:00:00+00:00,219.565,219.625,219.375,219.565,NVDA-USD,15m,2026-09-18T19:00:00Z
2026-09-18 19:15:00+00:00,219.57,219.945,219.485,219.495,NVDA-USD,15m,2026-09-18T19:15:00Z
2026-09-18 19:30:00+00:00,219.495,219.805,219.37,219.775,NVDA-USD,15m,2026-09-18T19:30:00Z
2026-09-18 19:45:00+00:00,219.77,222.685,219.665,222.02,NVDA-USD,15m,2026-09-18T19:45:00Z
2026-09-18 20:00:00+00:00,221.96,222.165,221.585,221.735,NVDA-USD,15m,2026-09-18T20:00:00Z
2026-09-18 20:15:00+00:00,221.735,221.835,221.515,221.575,NVDA-USD,15m,2026-09-18T20:15:00Z
2026-09-18 20:30:00+00:00,221.57,221.585,221.325,221.475,NVDA-USD,15m,2026-09-18T20:30:00Z
2026-09-18 20:45:00+00:00,221.475,222.03,221.475,221.935,NVDA-USD,15m,2026-09-18T20:45:00Z
2026-09-18 21:00:00+00:00,221.945,222.185,221.82,222.08,NVDA-USD,15m,2026-09-18T21:00:00Z
2026-09-18 21:15:00+00:00,222.08,222.25,222.025,222.07,NVDA-USD,15m,2026-09-18T21:15:00Z
2026-09-18 21:30:00+00:00,222.07,222.265,222.035,222.225,NVDA-USD,15m,2026-09-18T21:30:00Z
2026-09-18 21:45:00+00:00,222.225,222.315,222.065,222.255,NVDA-USD,15m,2026-09-18T21:45:00Z
2026-09-18 22:00:00+00:00,222.255,222.475,222.255,222.295,NVDA-USD,15m,2026-09-18T22:00:00Z
2026-09-18 22:15:00+00:00,222.325,222.37710374,222.095,222.165,NVDA-USD,15m,2026-09-18T22:15:00Z
2026-09-18 22:30:00+00:00,222.165,222.255,222.055,222.11,NVDA-USD,15m,2026-09-18T22:30:00Z
2026-09-18 22:45:00+00:00,222.11,222.30691232,222.105,222.275,NVDA-USD,15m,2026-09-18T22:45:00Z
2026-09-18 23:00:00+00:00,222.275,222.47954026,222.275,222.46584747,NVDA-USD,15m,2026-09-18T23:00:00Z
2026-09-18 23:15:00+00:00,222.46947933,222.48643546,222.41,222.435,NVDA-USD,15m,2026-09-18T23:15:00Z
2026-09-18 23:30:00+00:00,222.435,222.498946,222.37,222.498946,NVDA-USD,15m,2026-09-18T23:30:00Z
2026-09-18 23:45:00+00:00,222.5001718,222.57183876,222.405,222.515,NVDA-USD,15m,2026-09-18T23:45:00Z
2026-09-19 00:00:00+00:00,222.515,222.53240427,222.515,222.53240427,NVDA-USD,15m,2026-09-19T00:00:00Z
2026-09-19 00:15:00+00:00,222.53246195,222.56458589,222.53246195,222.56458589,NVDA-USD,15m,2026-09-19T00:15:00Z
2026-09-19 00:30:00+00:00,222.56458589,222.56756799,222.56458589,222.56756799,NVDA-USD,15m,2026-09-19T00:30:00Z
2026-09-19 00:45:00+00:00,222.56757041,222.57763755,222.56757041,222.57763755,NVDA-USD,15m,2026-09-19T00:45:00Z
2026-09-19 01:00:00+00:00,222.57764988,222.57779704,222.56963293,222.56963293,NVDA-USD,15m,2026-09-19T01:00:00Z
2026-09-19 01:15:00+00:00,222.56959339,222.56959339,222.53885621,222.53885621,NVDA-USD,15m,2026-09-19T01:15:00Z
2026-09-19 01:30:00+00:00,222.53881742,222.53881742,222.50993344,222.50993344,NVDA-USD,15m,2026-09-19T01:30:00Z
2026-09-19 01:45:00+00:00,222.50991373,222.50991373,222.49337783,222.49337783,NVDA-USD,15m,2026-09-19T01:45:00Z
2026-09-19 02:00:00+00:00,222.49331479,222.49331479,222.46234879,222.46234879,NVDA-USD,15m,2026-09-19T02:00:00Z
2026-09-19 02:15:00+00:00,222.46231672,222.46231672,222.44480748,222.44480748,NVDA-USD,15m,2026-09-19T02:15:00Z
2026-09-19 02:30:00+00:00,222.44469346,222.44469346,222.40308524,222.40308524,NVDA-USD,15m,2026-09-19T02:30:00Z
2026-09-19 02:45:00+00:00,222.40299225,222.40299225,222.36286076,222.36286076,NVDA-USD,15m,2026-09-19T02:45:00Z
2026-09-19 03:00:00+00:00,222.36281874,222.36281874,222.33726844,222.33726844,NVDA-USD,15m,2026-09-19T03:00:00Z
2026-09-19 03:15:00+00:00,222.33720131,222.33720131,222.31658416,222.31658416,NVDA-USD,15m,2026-09-19T03:15:00Z
2026-09-19 03:30:00+00:00,222.31653775,222.31653775,222.29756622,222.29756622,NVDA-USD,15m,2026-09-19T03:30:00Z
2026-09-19 03:45:00+00:00,222.2975287,222.2975287,222.29741623,222.29741623,NVDA-USD,15m,2026-09-19T03:45:00Z
2026-09-19 04:00:00+00:00,222.29741623,222.30056944,222.29741623,222.30056944,NVDA-USD,15m,2026-09-19T04:00:00Z
2026-09-19 04:15:00+00:00,222.30062855,222.32210508,222.30062855,222.32210508,NVDA-USD,15m,2026-09-19T04:15:00Z
2026-09-19 04:30:00+00:00,222.32214321,222.32443641,222.32214321,222.32247343,NVDA-USD,15m,2026-09-19T04:30:00Z
2026-09-19 04:45:00+00:00,222.32247343,222.32355521,222.32247343,222.32355521,NVDA-USD,15m,2026-09-19T04:45:00Z
2026-09-19 05:00:00+00:00,222.32359156,222.3371913,222.32359156,222.3371913,NVDA-USD,15m,2026-09-19T05:00:00Z
2026-09-19 05:15:00+00:00,222.3371913,222.3371971,222.33345631,222.33345631,NVDA-USD,15m,2026-09-19T05:15:00Z
2026-09-19 05:30:00+00:00,222.33345631,222.33345631,222.32624224,222.32624224,NVDA-USD,15m,2026-09-19T05:30:00Z
2026-09-19 05:45:00+00:00,222.32617587,222.32617587,222.31634552,222.31634552,NVDA-USD,15m,2026-09-19T05:45:00Z
2026-09-19 06:00:00+00:00,222.31631944,222.31631944,222.30580165,222.30580165,NVDA-USD,15m,2026-09-19T06:00:00Z
2026-09-19 06:15:00+00:00,222.30574588,222.30574588,222.29066399,222.29066399,NVDA-USD,15m,2026-09-19T06:15:00Z
2026-09-19 06:30:00+00:00,222.29064326,222.29064326,222.28496876,222.28496876,NVDA-USD,15m,2026-09-19T06:30:00Z
2026-09-19 06:45:00+00:00,222.28496876,222.28496876,222.28135691,222.28135691,NVDA-USD,15m,2026-09-19T06:45:00Z
2026-09-19 07:00:00+00:00,222.2813256,222.2813256,222.28000394,222.28000394,NVDA-USD,15m,2026-09-19T07:00:00Z
2026-09-19 07:15:00+00:00,222.27998396,222.27998396,222.26616593,222.26616593,NVDA-USD,15m,2026-09-19T07:15:00Z
2026-09-19 07:30:00+00:00,222.26610009,222.26610009,222.24885632,222.24885632,NVDA-USD,15m,2026-09-19T07:30:00Z
2026-09-19 07:45:00+00:00,222.24882772,222.24882772,222.23498817,222.23498817,NVDA-USD,15m,2026-09-19T07:45:00Z
2026-09-19 08:00:00+00:00,222.23496328,222.23496328,222.22945106,222.22946301,NVDA-USD,15m,2026-09-19T08:00:00Z
2026-09-19 08:15:00+00:00,222.22946301,222.23112949,222.22946301,222.23112949,NVDA-USD,15m,2026-09-19T08:15:00Z
2026-09-19 08:30:00+00:00,222.23112949,222.23559327,222.23112949,222.23559327,NVDA-USD,15m,2026-09-19T08:30:00Z
2026-09-19 08:45:00+00:00,222.23561777,222.237515,222.23561777,222.237515,NVDA-USD,15m,2026-09-19T08:45:00Z
2026-09-19 09:00:00+00:00,222.237515,222.237515,222.237515,222.237515,NVDA-USD,15m,2026-09-19T09:00:00Z
2026-09-19 09:15:00+00:00,222.237515,222.237515,222.23694671,222.23694671,NVDA-USD,15m,2026-09-19T09:15:00Z
2026-09-19 09:30:00+00:00,222.23692963,222.23692963,222.22596428,222.22596428,NVDA-USD,15m,2026-09-19T09:30:00Z
2026-09-19 09:45:00+00:00,222.22596428,222.22596428,222.22596428,222.22596428,NVDA-USD,15m,2026-09-19T09:45:00Z
2026-09-19 10:00:00+00:00,222.22596428,222.2275359,222.22596428,222.2275359,NVDA-USD,15m,2026-09-19T10:00:00Z
2026-09-19 10:15:00+00:00,222.2275359,222.2275359,222.22222839,222.22222839,NVDA-USD,15m,2026-09-19T10:15:00Z
2026-09-19 10:30:00+00:00,222.22222839,222.22222839,222.2200643,222.2200643,NVDA-USD,15m,2026-09-19T10:30:00Z
2026-09-19 10:45:00+00:00,222.22005439,222.22005439,222.21778857,222.21778857,NVDA-USD,15m,2026-09-19T10:45:00Z
2026-09-19 11:00:00+00:00,222.21777082,222.21777082,222.21398246,222.21398246,NVDA-USD,15m,2026-09-19T11:00:00Z
2026-09-19 11:15:00+00:00,222.21398246,222.21398246,222.21211151,222.21211151,NVDA-USD,15m,2026-09-19T11:15:00Z
2026-09-19 11:30:00+00:00,222.21205847,222.21205847,222.2022095,222.2022095,NVDA-USD,15m,2026-09-19T11:30:00Z
2026-09-19 11:45:00+00:00,222.2022095,222.2022095,222.2022095,222.2022095,NVDA-USD,15m,2026-09-19T11:45:00Z
2026-09-19 12:00:00+00:00,222.2022095,222.2022095,222.2022095,222.2022095,NVDA-USD,15m,2026-09-19T12:00:00Z
2026-09-19 12:15:00+00:00,222.2022095,222.2022095,222.19864404,222.19864404,NVDA-USD,15m,2026-09-19T12:15:00Z
2026-09-19 12:30:00+00:00,222.19863011,222.19863011,222.19399959,222.19399959,NVDA-USD,15m,2026-09-19T12:30:00Z
2026-09-19 12:45:00+00:00,222.19398557,222.19398557,222.17979521,222.17979521,NVDA-USD,15m,2026-09-19T12:45:00Z
2026-09-19 13:00:00+00:00,222.179726,222.179726,222.16934766,222.16934766,NVDA-USD,15m,2026-09-19T13:00:00Z
2026-09-19 13:15:00+00:00,222.16931845,222.16931845,222.16272712,222.16272712,NVDA-USD,15m,2026-09-19T13:15:00Z
2026-09-19 13:30:00+00:00,222.16271132,222.16271132,222.16214887,222.16214887,NVDA-USD,15m,2026-09-19T13:30:00Z
2026-09-19 13:45:00+00:00,222.16214887,222.16214887,222.16204609,222.16204609,NVDA-USD,15m,2026-09-19T13:45:00Z
2026-09-19 14:00:00+00:00,222.16204609,222.16601042,222.16204609,222.16601042,NVDA-USD,15m,2026-09-19T14:00:00Z
2026-09-19 14:15:00+00:00,222.1660244,222.17551652,222.1660244,222.17551652,NVDA-USD,15m,2026-09-19T14:15:00Z
2026-09-19 14:30:00+00:00,222.1755712,222.181876,222.1755712,222.181876,NVDA-USD,15m,2026-09-19T14:30:00Z
2026-09-19 14:45:00+00:00,222.18188215,222.18434341,222.18188215,222.18434341,NVDA-USD,15m,2026-09-19T14:45:00Z
2026-09-19 15:00:00+00:00,222.18434341,222.19551722,222.18434341,222.19551722,NVDA-USD,15m,2026-09-19T15:00:00Z
2026-09-19 15:15:00+00:00,222.19555157,222.20240931,222.19555157,222.20240931,NVDA-USD,15m,2026-09-19T15:15:00Z
2026-09-19 15:30:00+00:00,222.20240931,222.2235638,222.20240931,222.2235638,NVDA-USD,15m,2026-09-19T15:30:00Z
2026-09-19 15:45:00+00:00,222.22365856,222.24722325,222.22365856,222.24722325,NVDA-USD,15m,2026-09-19T15:45:00Z
2026-09-19 16:00:00+00:00,222.24727609,222.27412871,222.24727609,222.27412871,NVDA-USD,15m,2026-09-19T16:00:00Z
2026-09-19 16:15:00+00:00,222.2742246,222.31128012,222.2742246,222.31128012,NVDA-USD,15m,2026-09-19T16:15:00Z
2026-09-19 16:30:00+00:00,222.31133875,222.33584696,222.31133875,222.33584696,NVDA-USD,15m,2026-09-19T16:30:00Z
2026-09-19 16:45:00+00:00,222.33589086,222.35112798,222.33589086,222.35112798,NVDA-USD,15m,2026-09-19T16:45:00Z
2026-09-19 17:00:00+00:00,222.35112798,222.35305978,222.35112798,222.35305978,NVDA-USD,15m,2026-09-19T17:00:00Z
2026-09-19 17:15:00+00:00,222.35307678,222.35627252,222.35307678,222.35627252,NVDA-USD,15m,2026-09-19T17:15:00Z
2026-09-19 17:30:00+00:00,222.35628969,222.35667142,222.35628969,222.35667142,NVDA-USD,15m,2026-09-19T17:30:00Z
2026-09-19 17:45:00+00:00,222.35667142,222.35691937,222.35647757,222.35647757,NVDA-USD,15m,2026-09-19T17:45:00Z
2026-09-19 18:00:00+00:00,222.35646113,222.35646113,222.32734504,222.32734504,NVDA-USD,15m,2026-09-19T18:00:00Z
2026-09-19 18:15:00+00:00,222.32729813,222.32729813,222.29765748,222.29765748,NVDA-USD,15m,2026-09-19T18:15:00Z
2026-09-19 18:30:00+00:00,222.29760735,222.29760735,222.27314077,222.27314077,NVDA-USD,15m,2026-09-19T18:30:00Z
2026-09-19 18:45:00+00:00,222.27309775,222.27309775,222.25750789,222.25750789,NVDA-USD,15m,2026-09-19T18:45:00Z
2026-09-19 19:00:00+00:00,222.25748022,222.25748022,222.24984511,222.24984511,NVDA-USD,15m,2026-09-19T19:00:00Z
2026-09-19 19:15:00+00:00,222.24984511,222.24984511,222.23247846,222.23247846,NVDA-USD,15m,2026-09-19T19:15:00Z
2026-09-19 19:30:00+00:00,222.23246592,222.23246592,222.22795665,222.22795665,NVDA-USD,15m,2026-09-19T19:30:00Z
2026-09-19 19:45:00+00:00,222.22794867,222.22794867,222.22507461,222.22507461,NVDA-USD,15m,2026-09-19T19:45:00Z
2026-09-19 20:00:00+00:00,222.22506831,222.22663999,222.22424293,222.22663999,NVDA-USD,15m,2026-09-19T20:00:00Z
2026-09-19 20:15:00+00:00,222.22664331,222.22721721,222.22664331,222.22721721,NVDA-USD,15m,2026-09-19T20:15:00Z
2026-09-19 20:30:00+00:00,222.22721721,222.22721721,222.22721721,222.22721721,NVDA-USD,15m,2026-09-19T20:30:00Z
2026-09-19 20:45:00+00:00,222.22721721,222.22721721,222.22721721,222.22721721,NVDA-USD,15m,2026-09-19T20:45:00Z
2026-09-19 21:00:00+00:00,222.22721721,222.22732362,222.22533505,222.22533505,NVDA-USD,15m,2026-09-19T21:00:00Z
2026-09-19 21:15:00+00:00,222.22531979,222.22531979,222.22124192,222.22124192,NVDA-USD,15m,2026-09-19T21:15:00Z
2026-09-19 21:30:00+00:00,222.22124192,222.2264468,222.22124192,222.2264468,NVDA-USD,15m,2026-09-19T21:30:00Z
2026-09-19 21:45:00+00:00,222.22647034,222.23293057,222.22647034,222.23293057,NVDA-USD,15m,2026-09-19T21:45:00Z
2026-09-19 22:00:00+00:00,222.23293057,222.23293057,222.22801251,222.22801251,NVDA-USD,15m,2026-09-19T22:00:00Z
2026-09-19 22:15:00+00:00,222.22801251,222.22801251,222.22801251,222.22801251,NVDA-USD,15m,2026-09-19T22:15:00Z
2026-09-19 22:30:00+00:00,222.22801251,222.22801251,222.20657927,222.20657927,NVDA-USD,15m,2026-09-19T22:30:00Z
2026-09-19 22:45:00+00:00,222.20655277,222.20655277,222.19694764,222.19694764,NVDA-USD,15m,2026-09-19T22:45:00Z
2026-09-19 23:00:00+00:00,222.19693074,222.19693074,222.19080481,222.19080481,NVDA-USD,15m,2026-09-19T23:00:00Z
2026-09-19 23:15:00+00:00,222.19079554,222.19079554,222.18940157,222.18940157,NVDA-USD,15m,2026-09-19T23:15:00Z
2026-09-19 23:30:00+00:00,222.18939223,222.18939223,222.18599473,222.18599473,NVDA-USD,15m,2026-09-19T23:30:00Z
2026-09-19 23:45:00+00:00,222.18598874,222.18598874,222.17870675,222.18012979,NVDA-USD,15m,2026-09-19T23:45:00Z
