timestamp,open,high,low,close,volume
2025-12-31 20:30:00,0.16195,0.18359,0.15899,0.17371,40471697.0
2025-12-31 20:45:00,0.1738,0.1739,0.16048,0.1615,14725564.0
2025-12-31 21:00:00,0.16149,0.16162,0.15127,0.15895,16662101.0
2025-12-31 21:15:00,0.159,0.16532,0.156,0.16501,11889947.0
2025-12-31 21:30:00,0.16495,0.16794,0.15843,0.16174,9227072.0
2025-12-31 21:45:00,0.16174,0.1635,0.1588,0.15994,5641458.0
2025-12-31 22:00:00,0.16,0.16388,0.15896,0.1632,4495331.0
2025-12-31 22:15:00,0.16312,0.16892,0.16253,0.16826,9239737.0
2025-12-31 22:30:00,0.16826,0.16827,0.16157,0.16176,6906054.0
2025-12-31 22:45:00,0.16178,0.16432,0.1603,0.16277,4993014.0
2025-12-31 23:00:00,0.16288,0.16531,0.16,0.16158,4726085.0
2025-12-31 23:15:00,0.1614,0.16585,0.16059,0.1646,4791308.0
2025-12-31 23:30:00,0.16462,0.1653,0.15662,0.15909,5744973.0
2025-12-31 23:45:00,0.15922,0.16336,0.15846,0.16005,3339682.0
2026-01-01 00:00:00,0.16004,0.16354,0.15892,0.16214,2732004.0
2026-01-01 00:15:00,0.16218,0.16252,0.15914,0.15931,2694550.0
2026-01-01 00:30:00,0.15931,0.16214,0.157,0.16183,3272725.0
2026-01-01 00:45:00,0.16184,0.16274,0.15912,0.16159,2731986.0
2026-01-01 01:00:00,0.1616,0.16697,0.1601,0.16501,5920839.0
2026-01-01 01:15:00,0.16501,0.16594,0.15802,0.15898,5127411.0
2026-01-01 01:30:00,0.15892,0.15982,0.15725,0.15877,2645781.0
2026-01-01 01:45:00,0.15877,0.15902,0.15271,0.15569,4699619.0
2026-01-01 02:00:00,0.15567,0.15652,0.1519,0.15523,3315138.0
2026-01-01 02:15:00,0.15522,0.1568,0.1531,0.15484,2382709.0
2026-01-01 02:30:00,0.15481,0.15582,0.15392,0.15538,1258217.0
2026-01-01 02:45:00,0.15546,0.15591,0.15325,0.15399,1253508.0
2026-01-01 03:00:00,0.15404,0.15404,0.14568,0.14613,5215417.0
2026-01-01 03:15:00,0.14616,0.14649,0.14034,0.14461,3967121.0
2026-01-01 03:30:00,0.14456,0.14588,0.14207,0.14468,3451514.0
2026-01-01 03:45:00,0.14473,0.14768,0.14403,0.14508,2154688.0
2026-01-01 04:00:00,0.14477,0.14542,0.14392,0.14495,976458.0
2026-01-01 04:15:00,0.145,0.1453,0.1416,0.14259,1140500.0
2026-01-01 04:30:00,0.14254,0.14339,0.1403,0.14092,1415972.0
2026-01-01 04:45:00,0.14094,0.14116,0.13818,0.13959,2151271.0
2026-01-01 05:00:00,0.13963,0.14455,0.13845,0.14397,2352473.0
2026-01-01 05:15:00,0.14407,0.14589,0.14192,0.14262,2590233.0
2026-01-01 05:30:00,0.14255,0.14339,0.13952,0.14091,1400509.0
2026-01-01 05:45:00,0.14075,0.1424,0.14064,0.14194,856347.0
2026-01-01 06:00:00,0.14203,0.14259,0.13986,0.14202,1237464.0
2026-01-01 06:15:00,0.14205,0.14576,0.14202,0.14486,1285803.0
2026-01-01 06:30:00,0.14486,0.14532,0.14295,0.14331,594604.0
2026-01-01 06:45:00,0.1432,0.14627,0.14317,0.14512,888631.0
2026-01-01 07:00:00,0.1451,0.14581,0.1419,0.14203,1375444.0
2026-01-01 07:15:00,0.14213,0.14329,0.14088,0.1432,1151685.0
2026-01-01 07:30:00,0.14304,0.146,0.14301,0.14493,1095072.0
2026-01-01 07:45:00,0.14493,0.14866,0.1439,0.14724,2342612.0
2026-01-01 08:00:00,0.14705,0.1512,0.14423,0.14424,2866399.0
2026-01-01 08:15:00,0.14432,0.14584,0.14184,0.1433,1590302.0
2026-01-01 08:30:00,0.14335,0.14437,0.14198,0.14362,1190050.0
2026-01-01 08:45:00,0.1436,0.145,0.1431,0.14367,984412.0
2026-01-01 09:00:00,0.14365,0.14475,0.1412,0.14197,1392746.0
2026-01-01 09:15:00,0.14196,0.14267,0.13977,0.14097,1249168.0
2026-01-01 09:30:00,0.14085,0.1417,0.14062,0.14134,904623.0
2026-01-01 09:45:00,0.14135,0.14439,0.14096,0.14319,1431958.0
2026-01-01 10:00:00,0.14316,0.14517,0.14184,0.14261,1504161.0
2026-01-01 10:15:00,0.14272,0.14415,0.14188,0.1438,777326.0
2026-01-01 10:30:00,0.1438,0.1445,0.14236,0.14298,846392.0
2026-01-01 10:45:00,0.14289,0.14378,0.14201,0.14297,699776.0
2026-01-01 11:00:00,0.14298,0.144,0.14159,0.14364,1181234.0
2026-01-01 11:15:00,0.14367,0.14544,0.14337,0.14415,1378871.0
2026-01-01 11:30:00,0.14415,0.1448,0.14217,0.14277,1162969.0
2026-01-01 11:45:00,0.14277,0.14425,0.1425,0.14404,775627.0
2026-01-01 12:00:00,0.14403,0.1464,0.1439,0.1454,1372924.0
2026-01-01 12:15:00,0.14546,0.14691,0.14433,0.14434,1183357.0
2026-01-01 12:30:00,0.14444,0.14463,0.14217,0.14406,1156811.0
2026-01-01 12:45:00,0.14412,0.14514,0.14306,0.14341,651183.0
2026-01-01 13:00:00,0.14341,0.14753,0.14286,0.14675,1564571.0
2026-01-01 13:15:00,0.14676,0.14739,0.14584,0.14722,619105.0
2026-01-01 13:30:00,0.14716,0.14716,0.14511,0.14597,737019.0
2026-01-01 13:45:00,0.14598,0.14684,0.14415,0.14684,1178260.0
2026-01-01 14:00:00,0.14667,0.15846,0.14652,0.15488,6616088.0
2026-01-01 14:15:00,0.15493,0.15523,0.15068,0.15246,2480162.0
2026-01-01 14:30:00,0.15251,0.15356,0.15201,0.153,1348832.0
2026-01-01 14:45:00,0.15302,0.15389,0.15069,0.1513,1548332.0
2026-01-01 15:00:00,0.15113,0.15243,0.14807,0.14954,2191942.0
2026-01-01 15:15:00,0.14956,0.14976,0.14632,0.14739,1945773.0
2026-01-01 15:30:00,0.14739,0.14755,0.14511,0.14562,1090147.0
2026-01-01 15:45:00,0.14562,0.14646,0.14322,0.14488,2175684.0
2026-01-01 16:00:00,0.14489,0.148,0.14457,0.14648,1604021.0
2026-01-01 16:15:00,0.14648,0.14921,0.14574,0.14779,1613337.0
2026-01-01 16:30:00,0.14777,0.14794,0.14341,0.14362,1559005.0
2026-01-01 16:45:00,0.14353,0.14432,0.1412,0.14166,2299868.0
2026-01-01 17:00:00,0.14159,0.1427,0.1401,0.1417,2293781.0
2026-01-01 17:15:00,0.14167,0.14307,0.14136,0.14174,1573773.0
2026-01-01 17:30:00,0.14174,0.14286,0.14062,0.14186,1378021.0
2026-01-01 17:45:00,0.14187,0.14388,0.14169,0.14315,943874.0
2026-01-01 18:00:00,0.14318,0.1445,0.14258,0.1431,1307705.0
2026-01-01 18:15:00,0.14305,0.14373,0.1418,0.1435,1348345.0
2026-01-01 18:30:00,0.1434,0.14663,0.1434,0.14613,1909652.0
2026-01-01 18:45:00,0.14624,0.14837,0.14594,0.14666,1450245.0
2026-01-01 19:00:00,0.14669,0.14873,0.14571,0.14675,1918203.0
2026-01-01 19:15:00,0.14683,0.1473,0.12986,0.13263,7127111.0
2026-01-01 19:30:00,0.1327,0.13647,0.1327,0.13488,4163179.0
2026-01-01 19:45:00,0.13488,0.13515,0.13255,0.13381,2302283.0
2026-01-01 20:00:00,0.13384,0.13404,0.1298,0.13173,3321336.0
2026-01-01 20:15:00,0.13173,0.14173,0.13122,0.13525,3825518.0
2026-01-01 20:30:00,0.13529,0.138,0.13368,0.13677,3479397.0
2026-01-01 20:45:00,0.13677,0.14,0.131,0.13444,5171183.0
2026-01-01 21:00:00,0.13441,0.13556,0.1333,0.13391,1740794.0
2026-01-01 21:15:00,0.13385,0.13549,0.13266,0.13399,1544945.0
2026-01-01 21:30:00,0.13402,0.13629,0.13353,0.13523,2088545.0
2026-01-01 21:45:00,0.1352,0.13562,0.13221,0.13294,1774990.0
2026-01-01 22:00:00,0.13291,0.1341,0.13227,0.13377,1370956.0
2026-01-01 22:15:00,0.13373,0.13531,0.13268,0.1329,1330779.0
2026-01-01 22:30:00,0.133,0.13523,0.13279,0.13387,1686514.0
2026-01-01 22:45:00,0.13387,0.1341,0.1313,0.13225,2158285.0
2026-01-01 23:00:00,0.1322,0.13458,0.13147,0.1342,1715348.0
2026-01-01 23:15:00,0.1342,0.137,0.13306,0.13562,2237949.0
2026-01-01 23:30:00,0.13565,0.13597,0.13314,0.1343,2321174.0
2026-01-01 23:45:00,0.13429,0.13524,0.13346,0.13455,916838.0
2026-01-02 00:00:00,0.13454,0.1366,0.13421,0.13605,1588726.0
2026-01-02 00:15:00,0.13608,0.13642,0.1352,0.13617,900216.0
2026-01-02 00:30:00,0.13616,0.14,0.13536,0.1396,2495802.0
2026-01-02 00:45:00,0.13963,0.14121,0.13798,0.13941,2443734.0
2026-01-02 01:00:00,0.1394,0.14263,0.13866,0.13884,3624806.0
2026-01-02 01:15:00,0.13882,0.13996,0.13819,0.13898,1517944.0
2026-01-02 01:30:00,0.13904,0.13925,0.13756,0.13785,912180.0
2026-01-02 01:45:00,0.13793,0.13921,0.13728,0.1378,924710.0
2026-01-02 02:00:00,0.13777,0.1387,0.13755,0.13846,766730.0
2026-01-02 02:15:00,0.13845,0.13958,0.13822,0.13844,683081.0
2026-01-02 02:30:00,0.13842,0.13859,0.13727,0.13829,607861.0
2026-01-02 02:45:00,0.13827,0.13842,0.1361,0.13684,1126845.0
2026-01-02 03:00:00,0.13678,0.13871,0.13631,0.13835,1064404.0
2026-01-02 03:15:00,0.13828,0.13961,0.13821,0.1389,611912.0
2026-01-02 03:30:00,0.139,0.1391,0.13703,0.13749,817595.0
2026-01-02 03:45:00,0.13749,0.13775,0.13664,0.137,206613.0
2026-01-02 04:00:00,0.137,0.13768,0.13669,0.13734,406903.0
2026-01-02 04:15:00,0.13733,0.13733,0.13466,0.1354,1244062.0
2026-01-02 04:30:00,0.1355,0.13603,0.13439,0.1351,620003.0
2026-01-02 04:45:00,0.13507,0.13593,0.13375,0.13473,886051.0
2026-01-02 05:00:00,0.13481,0.13527,0.13262,0.13304,1206559.0
2026-01-02 05:15:00,0.13308,0.13429,0.13286,0.13384,681690.0
2026-01-02 05:30:00,0.13381,0.13513,0.13346,0.13428,955612.0
2026-01-02 05:45:00,0.13427,0.13435,0.13304,0.13333,427975.0
2026-01-02 06:00:00,0.13331,0.13494,0.13325,0.13462,870717.0
2026-01-02 06:15:00,0.13461,0.13547,0.13346,0.1353,840817.0
2026-01-02 06:30:00,0.13529,0.1358,0.1341,0.13517,605008.0
2026-01-02 06:45:00,0.13517,0.1359,0.13383,0.13436,1049065.0
2026-01-02 07:00:00,0.13437,0.136,0.1337,0.13498,1153124.0
2026-01-02 07:15:00,0.13496,0.13755,0.13453,0.13587,1409437.0
2026-01-02 07:30:00,0.13587,0.14689,0.13572,0.13893,3124117.0
2026-01-02 07:45:00,0.1389,0.1389,0.13729,0.13849,1423540.0
2026-01-02 08:00:00,0.13847,0.1399,0.13805,0.13825,1762316.0
2026-01-02 08:15:00,0.13826,0.13866,0.13665,0.13757,828975.0
2026-01-02 08:30:00,0.1375,0.13813,0.13718,0.13737,441305.0
2026-01-02 08:45:00,0.13734,0.1381,0.13205,0.13458,2546452.0
2026-01-02 09:00:00,0.13461,0.13616,0.1335,0.13396,1354810.0
2026-01-02 09:15:00,0.13397,0.13517,0.13329,0.13391,746920.0
2026-01-02 09:30:00,0.13392,0.13397,0.13287,0.13332,747810.0
2026-01-02 09:45:00,0.13327,0.13334,0.13,0.13168,2282946.0
2026-01-02 10:00:00,0.13169,0.13374,0.13162,0.1331,1209871.0
2026-01-02 10:15:00,0.13312,0.13424,0.1317,0.13201,1070462.0
2026-01-02 10:30:00,0.13204,0.13325,0.13176,0.13204,953568.0
2026-01-02 10:45:00,0.1321,0.13376,0.13192,0.13271,995663.0
2026-01-02 11:00:00,0.1327,0.13416,0.1325,0.13261,819873.0
2026-01-02 11:15:00,0.13264,0.13324,0.132,0.13255,886977.0
2026-01-02 11:30:00,0.13254,0.13347,0.13217,0.13259,676548.0
2026-01-02 11:45:00,0.13259,0.1345,0.13257,0.13412,1158599.0
2026-01-02 12:00:00,0.13411,0.13424,0.13258,0.13347,812013.0
2026-01-02 12:15:00,0.13348,0.134,0.13302,0.13378,527348.0
2026-01-02 12:30:00,0.13377,0.13387,0.1323,0.13264,581596.0
2026-01-02 12:45:00,0.13268,0.13386,0.13262,0.1335,546634.0
2026-01-02 13:00:00,0.13348,0.1335,0.1312,0.13192,1075301.0
2026-01-02 13:15:00,0.13193,0.13262,0.13019,0.13212,1718502.0
2026-01-02 13:30:00,0.13212,0.13441,0.13188,0.1326,2102751.0
2026-01-02 13:45:00,0.1326,0.1331,0.13141,0.13158,1064995.0
2026-01-02 14:00:00,0.13159,0.13354,0.13126,0.13332,1233524.0
2026-01-02 14:15:00,0.13326,0.1339,0.13253,0.13349,673453.0
2026-01-02 14:30:00,0.13347,0.1335,0.13225,0.13265,558758.0
2026-01-02 14:45:00,0.13264,0.13302,0.13073,0.13149,1822503.0
2026-01-02 15:00:00,0.13149,0.13253,0.13129,0.13178,1080040.0
2026-01-02 15:15:00,0.13185,0.13399,0.13149,0.13346,1300656.0
2026-01-02 15:30:00,0.13352,0.13416,0.132,0.13252,941019.0
2026-01-02 15:45:00,0.13241,0.13312,0.13176,0.13257,684364.0
2026-01-02 16:00:00,0.13258,0.13304,0.13135,0.13209,855371.0
2026-01-02 16:15:00,0.13204,0.13302,0.13187,0.13224,854192.0
2026-01-02 16:30:00,0.13223,0.13398,0.13205,0.13279,981723.0
2026-01-02 16:45:00,0.13281,0.1345,0.13262,0.13401,1297726.0
2026-01-02 17:00:00,0.13402,0.13718,0.13362,0.13434,2509774.0
2026-01-02 17:15:00,0.13434,0.13518,0.13367,0.13417,911723.0
2026-01-02 17:30:00,0.13417,0.13555,0.13413,0.13525,719183.0
2026-01-02 17:45:00,0.1353,0.1368,0.135,0.13607,761736.0
2026-01-02 18:00:00,0.13617,0.13801,0.13517,0.13534,1260110.0
2026-01-02 18:15:00,0.13542,0.13607,0.13427,0.13439,1081040.0
2026-01-02 18:30:00,0.13445,0.13606,0.13391,0.13393,1273840.0
2026-01-02 18:45:00,0.13401,0.13645,0.13392,0.13539,1292740.0
2026-01-02 19:00:00,0.13539,0.13689,0.13421,0.13676,1440622.0
2026-01-02 19:15:00,0.13676,0.1388,0.13629,0.13793,1887090.0
2026-01-02 19:30:00,0.13793,0.13967,0.1375,0.13934,1288911.0
2026-01-02 19:45:00,0.13934,0.14058,0.13849,0.13981,1645576.0
2026-01-02 20:00:00,0.1398,0.14428,0.13973,0.1431,3603825.0
2026-01-02 20:15:00,0.14304,0.14318,0.13941,0.14038,2513229.0
2026-01-02 20:30:00,0.14055,0.14079,0.13827,0.13872,1794693.0
2026-01-02 20:45:00,0.1388,0.13941,0.13664,0.13762,1307625.0
2026-01-02 21:00:00,0.13754,0.1393,0.13754,0.13847,1376488.0
2026-01-02 21:15:00,0.13848,0.13944,0.13766,0.13939,1109819.0
2026-01-02 21:30:00,0.13931,0.1398,0.13799,0.13873,1403107.0
2026-01-02 21:45:00,0.13876,0.14037,0.13781,0.13815,1530236.0
2026-01-02 22:00:00,0.13816,0.1395,0.13816,0.13858,995077.0
2026-01-02 22:15:00,0.13858,0.13875,0.13532,0.13663,2110642.0
2026-01-02 22:30:00,0.13663,0.13757,0.13606,0.13694,1115033.0
2026-01-02 22:45:00,0.13691,0.13699,0.13455,0.13529,1407187.0
2026-01-02 23:00:00,0.13521,0.13525,0.13326,0.13379,2008719.0
2026-01-02 23:15:00,0.1338,0.1343,0.13304,0.13371,1400765.0
2026-01-02 23:30:00,0.13361,0.13502,0.1334,0.13379,1346356.0
2026-01-02 23:45:00,0.13371,0.13452,0.132,0.1334,1508583.0
2026-01-03 00:00:00,0.13339,0.13554,0.13293,0.13467,1878749.0
2026-01-03 00:15:00,0.13467,0.13738,0.13467,0.13705,1925934.0
2026-01-03 00:30:00,0.13705,0.13893,0.13677,0.13893,1615607.0
2026-01-03 00:45:00,0.13893,0.13893,0.1361,0.13773,1395353.0
2026-01-03 01:00:00,0.13778,0.13913,0.13728,0.13731,1127109.0
2026-01-03 01:15:00,0.13736,0.13845,0.13671,0.13802,808667.0
2026-01-03 01:30:00,0.13802,0.14211,0.13797,0.14191,1559039.0
2026-01-03 01:45:00,0.14192,0.14457,0.14114,0.14381,2078943.0
2026-01-03 02:00:00,0.14383,0.146,0.14321,0.14586,2129693.0
2026-01-03 02:15:00,0.14585,0.14925,0.14468,0.14683,2512538.0
2026-01-03 02:30:00,0.14691,0.14808,0.1449,0.14695,2864793.0
2026-01-03 02:45:00,0.14703,0.14928,0.14622,0.14862,1177492.0
2026-01-03 03:00:00,0.14862,0.14966,0.14494,0.14527,2066700.0
2026-01-03 03:15:00,0.14531,0.14557,0.14263,0.14359,1840076.0
2026-01-03 03:30:00,0.14359,0.14467,0.14121,0.14169,1414762.0
2026-01-03 03:45:00,0.14169,0.14328,0.14015,0.14221,1778949.0
2026-01-03 04:00:00,0.14218,0.14473,0.14165,0.1437,990864.0
2026-01-03 04:15:00,0.1437,0.14538,0.14304,0.14402,1090679.0
2026-01-03 04:30:00,0.14401,0.1459,0.14381,0.1447,1146801.0
2026-01-03 04:45:00,0.14471,0.14591,0.14227,0.14227,1452679.0
2026-01-03 05:00:00,0.14236,0.14334,0.14121,0.1421,942665.0
2026-01-03 05:15:00,0.14207,0.14371,0.14196,0.14312,580203.0
2026-01-03 05:30:00,0.14303,0.1431,0.14115,0.14181,631244.0
2026-01-03 05:45:00,0.14181,0.14289,0.14156,0.1425,433371.0
2026-01-03 06:00:00,0.14248,0.1453,0.14234,0.144,999139.0
2026-01-03 06:15:00,0.14394,0.144,0.1414,0.14158,742411.0
2026-01-03 06:30:00,0.14158,0.14309,0.14148,0.14176,793756.0
2026-01-03 06:45:00,0.14179,0.14398,0.14177,0.14364,857457.0
2026-01-03 07:00:00,0.14364,0.14497,0.14273,0.14291,1485724.0
2026-01-03 07:15:00,0.14291,0.14617,0.14279,0.14441,1351700.0
2026-01-03 07:30:00,0.14436,0.14642,0.14411,0.14494,1072531.0
2026-01-03 07:45:00,0.14495,0.147,0.14345,0.14529,2151066.0
2026-01-03 08:00:00,0.14536,0.14744,0.14482,0.14726,1123916.0
2026-01-03 08:15:00,0.14725,0.14782,0.14406,0.14487,1593885.0
2026-01-03 08:30:00,0.14492,0.14512,0.14304,0.14424,1035475.0
2026-01-03 08:45:00,0.14425,0.14449,0.14009,0.14105,1802035.0
2026-01-03 09:00:00,0.14106,0.14179,0.13835,0.13999,2144023.0
2026-01-03 09:15:00,0.13999,0.14112,0.13928,0.14084,1234644.0
2026-01-03 09:30:00,0.14084,0.14337,0.14077,0.14227,1095204.0
2026-01-03 09:45:00,0.14227,0.14465,0.14226,0.14412,942906.0
2026-01-03 10:00:00,0.14416,0.14607,0.14234,0.14299,1632361.0
2026-01-03 10:15:00,0.14298,0.14345,0.14178,0.14332,1120779.0
2026-01-03 10:30:00,0.14332,0.14354,0.14145,0.14312,964596.0
2026-01-03 10:45:00,0.14315,0.14437,0.1429,0.14357,957390.0
2026-01-03 11:00:00,0.1436,0.1436,0.14155,0.14283,1334080.0
2026-01-03 11:15:00,0.14286,0.14444,0.14228,0.14394,791936.0
2026-01-03 11:30:00,0.14394,0.14531,0.14365,0.14389,1079101.0
2026-01-03 11:45:00,0.14388,0.14686,0.14368,0.14588,1214787.0
2026-01-03 12:00:00,0.14592,0.14688,0.14523,0.14661,988292.0
2026-01-03 12:15:00,0.1466,0.14838,0.14521,0.14533,1670939.0
2026-01-03 12:30:00,0.14522,0.14785,0.14425,0.14742,1913783.0
2026-01-03 12:45:00,0.14745,0.14824,0.146,0.1462,1517528.0
2026-01-03 13:00:00,0.14616,0.14723,0.14475,0.147,1486528.0
2026-01-03 13:15:00,0.14699,0.14834,0.14613,0.14807,1719501.0
2026-01-03 13:30:00,0.14807,0.14905,0.14629,0.14857,2265743.0
2026-01-03 13:45:00,0.14857,0.1496,0.14729,0.14842,2280879.0
2026-01-03 14:00:00,0.14842,0.14925,0.14705,0.14818,2428142.0
2026-01-03 14:15:00,0.14819,0.14862,0.14621,0.14707,2280888.0
2026-01-03 14:30:00,0.14714,0.14874,0.14649,0.14691,1556185.0
2026-01-03 14:45:00,0.14696,0.14769,0.14586,0.14698,1476359.0
2026-01-03 15:00:00,0.14697,0.14862,0.14617,0.14855,2009103.0
2026-01-03 15:15:00,0.14846,0.14898,0.14655,0.14738,1667717.0
2026-01-03 15:30:00,0.14739,0.14762,0.14517,0.14601,1399223.0
2026-01-03 15:45:00,0.14611,0.14687,0.145,0.14511,1262404.0
2026-01-03 16:00:00,0.14515,0.14588,0.14156,0.14255,2895429.0
2026-01-03 16:15:00,0.14248,0.14336,0.1414,0.14173,1228095.0
2026-01-03 16:30:00,0.14176,0.14272,0.14058,0.14123,1311956.0
2026-01-03 16:45:00,0.14123,0.14123,0.13909,0.13948,1107511.0
2026-01-03 17:00:00,0.13948,0.1398,0.13603,0.13646,2595510.0
2026-01-03 17:15:00,0.13647,0.13745,0.13603,0.13679,1371824.0
2026-01-03 17:30:00,0.13683,0.13848,0.13669,0.13796,1786756.0
2026-01-03 17:45:00,0.13796,0.14017,0.13706,0.13886,1549406.0
2026-01-03 18:00:00,0.13888,0.14033,0.13826,0.13969,1011085.0
2026-01-03 18:15:00,0.13964,0.14003,0.13852,0.13956,654946.0
2026-01-03 18:30:00,0.13958,0.13959,0.13753,0.13832,990062.0
2026-01-03 18:45:00,0.13824,0.13994,0.13805,0.1391,680187.0
2026-01-03 19:00:00,0.13917,0.14036,0.13894,0.13975,610264.0
2026-01-03 19:15:00,0.1397,0.14204,0.13967,0.14173,1050568.0
2026-01-03 19:30:00,0.14172,0.14693,0.14169,0.14609,2626143.0
2026-01-03 19:45:00,0.1461,0.14805,0.14473,0.14633,3358439.0
2026-01-03 20:00:00,0.14631,0.14631,0.14328,0.14489,2244755.0
2026-01-03 20:15:00,0.14489,0.14554,0.144,0.14538,879867.0
2026-01-03 20:30:00,0.14538,0.14553,0.14228,0.14266,1315518.0
2026-01-03 20:45:00,0.14263,0.14442,0.14246,0.14373,770094.0
2026-01-03 21:00:00,0.14374,0.14394,0.14157,0.1429,1455159.0
2026-01-03 21:15:00,0.14286,0.14371,0.14204,0.14258,681405.0
2026-01-03 21:30:00,0.14262,0.1435,0.1421,0.14278,947381.0
2026-01-03 21:45:00,0.14278,0.14432,0.14225,0.14432,828015.0
2026-01-03 22:00:00,0.14429,0.14553,0.14328,0.14376,1692246.0
2026-01-03 22:15:00,0.14376,0.14468,0.14307,0.14346,881928.0
2026-01-03 22:30:00,0.14346,0.14422,0.14209,0.1429,958582.0
2026-01-03 22:45:00,0.14295,0.14484,0.14282,0.14484,732144.0
2026-01-03 23:00:00,0.14475,0.14849,0.14442,0.14686,2217142.0
2026-01-03 23:15:00,0.14677,0.14776,0.14615,0.14697,955305.0
2026-01-03 23:30:00,0.14692,0.14948,0.14674,0.14767,2424302.0
2026-01-03 23:45:00,0.14767,0.14958,0.1473,0.14889,3182853.0
2026-01-04 00:00:00,0.14888,0.15,0.14789,0.14799,2600853.0
2026-01-04 00:15:00,0.14806,0.14865,0.1461,0.14814,1792855.0
2026-01-04 00:30:00,0.1481,0.14917,0.14739,0.14797,838580.0
2026-01-04 00:45:00,0.14792,0.14937,0.14709,0.14882,1047620.0
2026-01-04 01:00:00,0.14881,0.153,0.14824,0.14901,3455240.0
2026-01-04 01:15:00,0.149,0.15951,0.14868,0.15673,6397317.0
2026-01-04 01:30:00,0.15665,0.16064,0.15324,0.15445,7373825.0
2026-01-04 01:45:00,0.15439,0.15548,0.15262,0.15441,2544566.0
2026-01-04 02:00:00,0.15439,0.15537,0.15214,0.15423,1808673.0
2026-01-04 02:15:00,0.15432,0.15539,0.15392,0.15435,1426962.0
2026-01-04 02:30:00,0.15435,0.15518,0.15255,0.15299,1454380.0
2026-01-04 02:45:00,0.15301,0.15432,0.1524,0.15284,782886.0
2026-01-04 03:00:00,0.15283,0.15334,0.1512,0.15245,1013694.0
2026-01-04 03:15:00,0.15246,0.15324,0.1502,0.15072,806859.0
2026-01-04 03:30:00,0.15072,0.15114,0.1492,0.14988,1309111.0
2026-01-04 03:45:00,0.14995,0.15139,0.14988,0.15087,851704.0
2026-01-04 04:00:00,0.15089,0.15172,0.14917,0.14966,1293976.0
2026-01-04 04:15:00,0.1496,0.14985,0.14782,0.14834,1251351.0
2026-01-04 04:30:00,0.14826,0.14835,0.1465,0.14738,1398675.0
2026-01-04 04:45:00,0.14734,0.148,0.1471,0.14728,464141.0
2026-01-04 05:00:00,0.14729,0.14758,0.14625,0.14739,680168.0
2026-01-04 05:15:00,0.14742,0.14848,0.14691,0.14705,569701.0
2026-01-04 05:30:00,0.1471,0.14827,0.14595,0.14693,764104.0
2026-01-04 05:45:00,0.14687,0.1477,0.14683,0.14751,433318.0
2026-01-04 06:00:00,0.14751,0.14855,0.146,0.14689,1077777.0
2026-01-04 06:15:00,0.1469,0.14772,0.14653,0.14673,423663.0
2026-01-04 06:30:00,0.14675,0.14779,0.14651,0.14773,337143.0
2026-01-04 06:45:00,0.14775,0.14775,0.14315,0.14394,2069516.0
2026-01-04 07:00:00,0.14394,0.14514,0.14199,0.14316,1942472.0
2026-01-04 07:15:00,0.14321,0.14372,0.14217,0.14313,832734.0
2026-01-04 07:30:00,0.14313,0.14353,0.14207,0.1427,578323.0
2026-01-04 07:45:00,0.14264,0.14399,0.14254,0.14371,746899.0
2026-01-04 08:00:00,0.14374,0.14422,0.14274,0.14314,481528.0
2026-01-04 08:15:00,0.14314,0.1443,0.14224,0.14239,572776.0
2026-01-04 08:30:00,0.14239,0.14266,0.1414,0.1417,807247.0
2026-01-04 08:45:00,0.14166,0.14283,0.14101,0.14231,655497.0
2026-01-04 09:00:00,0.1423,0.14358,0.14229,0.14314,657404.0
2026-01-04 09:15:00,0.14315,0.14359,0.1427,0.14276,368899.0
2026-01-04 09:30:00,0.14275,0.14448,0.1427,0.14412,603090.0
2026-01-04 09:45:00,0.1441,0.145,0.1435,0.14426,871961.0
2026-01-04 10:00:00,0.14423,0.14532,0.14388,0.14455,465747.0
2026-01-04 10:15:00,0.1445,0.14609,0.14382,0.14574,514574.0
2026-01-04 10:30:00,0.14573,0.14573,0.14458,0.14497,511920.0
2026-01-04 10:45:00,0.14497,0.14636,0.14486,0.14636,500504.0
2026-01-04 11:00:00,0.14635,0.14789,0.14517,0.14646,1086784.0
2026-01-04 11:15:00,0.14646,0.14703,0.14572,0.14617,644453.0
2026-01-04 11:30:00,0.14616,0.14761,0.14616,0.1471,455657.0
2026-01-04 11:45:00,0.14708,0.1474,0.1461,0.14707,472627.0
2026-01-04 12:00:00,0.14703,0.14746,0.14616,0.14689,429040.0
2026-01-04 12:15:00,0.1469,0.14748,0.14597,0.14645,425520.0
2026-01-04 12:30:00,0.14646,0.14741,0.14605,0.14642,465033.0
2026-01-04 12:45:00,0.14642,0.14757,0.14626,0.14707,485899.0
2026-01-04 13:00:00,0.14707,0.14872,0.14646,0.14794,757712.0
2026-01-04 13:15:00,0.14802,0.15156,0.14785,0.15009,1390024.0
2026-01-04 13:30:00,0.14996,0.15025,0.14739,0.14758,1198570.0
2026-01-04 13:45:00,0.14758,0.14906,0.1465,0.14754,1251414.0
2026-01-04 14:00:00,0.14755,0.14845,0.14602,0.14671,856080.0
2026-01-04 14:15:00,0.14673,0.14788,0.14658,0.14714,536012.0
2026-01-04 14:30:00,0.14714,0.14771,0.14503,0.14534,1013825.0
2026-01-04 14:45:00,0.14535,0.146,0.14477,0.14503,788363.0
2026-01-04 15:00:00,0.14502,0.14686,0.14462,0.14671,824874.0
2026-01-04 15:15:00,0.14671,0.14767,0.14654,0.14726,644229.0
2026-01-04 15:30:00,0.14725,0.14725,0.14313,0.14386,1475536.0
2026-01-04 15:45:00,0.14387,0.14494,0.14387,0.14429,608615.0
2026-01-04 16:00:00,0.14433,0.14487,0.14266,0.14309,832126.0
2026-01-04 16:15:00,0.14302,0.14335,0.1386,0.1393,2341696.0
2026-01-04 16:30:00,0.1393,0.13951,0.13695,0.13817,1692559.0
2026-01-04 16:45:00,0.13821,0.13889,0.13717,0.1382,1074563.0
2026-01-04 17:00:00,0.13819,0.13958,0.13817,0.13884,961522.0
2026-01-04 17:15:00,0.13882,0.14053,0.13866,0.13971,905599.0
2026-01-04 17:30:00,0.13971,0.14019,0.13866,0.14017,705573.0
2026-01-04 17:45:00,0.14017,0.14055,0.13912,0.13978,579200.0
2026-01-04 18:00:00,0.13978,0.1404,0.13943,0.14016,742074.0
2026-01-04 18:15:00,0.14012,0.14092,0.13991,0.14075,517642.0
2026-01-04 18:30:00,0.14074,0.14115,0.13983,0.14027,691879.0
2026-01-04 18:45:00,0.14021,0.14054,0.13921,0.13952,647674.0
2026-01-04 19:00:00,0.13953,0.13994,0.13821,0.13896,896078.0
2026-01-04 19:15:00,0.13899,0.13977,0.13785,0.13901,1115120.0
2026-01-04 19:30:00,0.13895,0.13995,0.1388,0.13985,588464.0
2026-01-04 19:45:00,0.13987,0.1403,0.13827,0.13858,832118.0
2026-01-04 20:00:00,0.13857,0.13973,0.13774,0.13804,796804.0
2026-01-04 20:15:00,0.13806,0.13925,0.13778,0.13922,677975.0
2026-01-04 20:30:00,0.13922,0.13963,0.13867,0.13887,494257.0
2026-01-04 20:45:00,0.13888,0.13973,0.13885,0.13906,410387.0
2026-01-04 21:00:00,0.13907,0.13939,0.138,0.13928,685877.0
2026-01-04 21:15:00,0.13929,0.13949,0.13852,0.13908,584845.0
2026-01-04 21:30:00,0.13904,0.13909,0.13849,0.13902,483038.0
2026-01-04 21:45:00,0.13904,0.13909,0.13848,0.13862,530770.0
2026-01-04 22:00:00,0.13862,0.13903,0.13755,0.13903,764391.0
2026-01-04 22:15:00,0.13903,0.13986,0.13868,0.13899,641483.0
2026-01-04 22:30:00,0.139,0.13926,0.13795,0.13898,769509.0
2026-01-04 22:45:00,0.13899,0.13904,0.13725,0.13774,1123932.0
2026-01-04 23:00:00,0.13775,0.13799,0.13477,0.13588,2994192.0
2026-01-04 23:15:00,0.13588,0.13743,0.13574,0.13688,746116.0
2026-01-04 23:30:00,0.13686,0.13818,0.13686,0.13792,735282.0
2026-01-04 23:45:00,0.13798,0.13829,0.13741,0.13752,485695.0
2026-01-05 00:00:00,0.13759,0.13803,0.137,0.13767,600092.0
2026-01-05 00:15:00,0.13767,0.13818,0.13726,0.13767,449029.0
2026-01-05 00:30:00,0.13767,0.138,0.1375,0.13798,224854.0
2026-01-05 00:45:00,0.13798,0.13817,0.13758,0.13765,402207.0
2026-01-05 01:00:00,0.13765,0.13958,0.1373,0.13907,701263.0
2026-01-05 01:15:00,0.13903,0.13932,0.13779,0.1385,716163.0
2026-01-05 01:30:00,0.1385,0.13984,0.13827,0.13981,1023559.0
2026-01-05 01:45:00,0.1398,0.13989,0.13886,0.1397,890777.0
2026-01-05 02:00:00,0.1397,0.1407,0.13917,0.1407,854665.0
2026-01-05 02:15:00,0.14066,0.14407,0.14015,0.14237,2024543.0
2026-01-05 02:30:00,0.14242,0.14266,0.14076,0.14079,888065.0
2026-01-05 02:45:00,0.14085,0.14132,0.14003,0.14116,1196625.0
2026-01-05 03:00:00,0.14116,0.14285,0.14116,0.14206,871114.0
2026-01-05 03:15:00,0.1421,0.14259,0.14182,0.14213,259011.0
2026-01-05 03:30:00,0.14222,0.14284,0.14182,0.14246,370816.0
2026-01-05 03:45:00,0.14246,0.14319,0.14246,0.14289,247675.0
2026-01-05 04:00:00,0.1429,0.14356,0.14129,0.14178,726415.0
2026-01-05 04:15:00,0.14176,0.14238,0.1403,0.14067,559390.0
2026-01-05 04:30:00,0.14068,0.1408,0.13875,0.14007,1433967.0
2026-01-05 04:45:00,0.14003,0.14067,0.13962,0.14049,470463.0
2026-01-05 05:00:00,0.1405,0.1409,0.13892,0.13944,664233.0
2026-01-05 05:15:00,0.13944,0.1402,0.13924,0.13947,520237.0
2026-01-05 05:30:00,0.13947,0.14007,0.13899,0.13959,349194.0
2026-01-05 05:45:00,0.13959,0.14124,0.13956,0.14075,421633.0
2026-01-05 06:00:00,0.14075,0.14172,0.14075,0.1411,326906.0
2026-01-05 06:15:00,0.14108,0.14176,0.141,0.14148,244483.0
2026-01-05 06:30:00,0.14149,0.14253,0.14132,0.14245,393296.0
2026-01-05 06:45:00,0.14245,0.144,0.14241,0.14383,502949.0
2026-01-05 07:00:00,0.14385,0.14538,0.14359,0.1443,905360.0
2026-01-05 07:15:00,0.1443,0.14501,0.14405,0.14488,365136.0
2026-01-05 07:30:00,0.14488,0.14496,0.14308,0.14403,628180.0
2026-01-05 07:45:00,0.14398,0.14681,0.14378,0.14678,814344.0
2026-01-05 08:00:00,0.14677,0.1495,0.14677,0.14873,1865826.0
2026-01-05 08:15:00,0.14872,0.14876,0.14636,0.14786,1595256.0
2026-01-05 08:30:00,0.14787,0.14894,0.147,0.14765,1143060.0
2026-01-05 08:45:00,0.14755,0.14914,0.14699,0.14847,1116216.0
2026-01-05 09:00:00,0.14848,0.14878,0.14759,0.14759,865647.0
2026-01-05 09:15:00,0.14761,0.14786,0.14531,0.14581,947466.0
2026-01-05 09:30:00,0.14582,0.14619,0.1451,0.1451,569911.0
2026-01-05 09:45:00,0.14512,0.14568,0.14401,0.14419,517821.0
2026-01-05 10:00:00,0.14426,0.14646,0.14419,0.14636,714287.0
2026-01-05 10:15:00,0.14635,0.14679,0.14582,0.14629,442839.0
2026-01-05 10:30:00,0.14629,0.1475,0.14622,0.14711,537004.0
2026-01-05 10:45:00,0.14711,0.14714,0.14528,0.14573,655954.0
2026-01-05 11:00:00,0.14573,0.14637,0.14473,0.14499,609258.0
2026-01-05 11:15:00,0.14498,0.14645,0.14473,0.14512,588139.0
2026-01-05 11:30:00,0.14512,0.14547,0.1429,0.14451,1086498.0
2026-01-05 11:45:00,0.14452,0.14599,0.14452,0.14509,486789.0
2026-01-05 12:00:00,0.14508,0.14739,0.14504,0.14615,823252.0
2026-01-05 12:15:00,0.14615,0.14671,0.14525,0.14597,630246.0
2026-01-05 12:30:00,0.14593,0.14593,0.14382,0.14424,541220.0
2026-01-05 12:45:00,0.14424,0.14497,0.14315,0.14465,791218.0
2026-01-05 13:00:00,0.14469,0.1462,0.14455,0.14617,486461.0
2026-01-05 13:15:00,0.14616,0.14901,0.14598,0.14773,1157393.0
2026-01-05 13:30:00,0.14773,0.14826,0.1468,0.14691,542600.0
2026-01-05 13:45:00,0.14694,0.14849,0.14689,0.14831,511350.0
2026-01-05 14:00:00,0.14831,0.14996,0.14772,0.14863,1515868.0
2026-01-05 14:15:00,0.14862,0.14953,0.14761,0.14834,711922.0
2026-01-05 14:30:00,0.14833,0.14844,0.14722,0.14747,345182.0
2026-01-05 14:45:00,0.14749,0.14935,0.14746,0.1486,531163.0
2026-01-05 15:00:00,0.14861,0.14895,0.14804,0.14864,418733.0
2026-01-05 15:15:00,0.14864,0.14867,0.14691,0.14742,422269.0
2026-01-05 15:30:00,0.14742,0.14814,0.14701,0.14799,395471.0
2026-01-05 15:45:00,0.14799,0.14852,0.14745,0.1477,375592.0
2026-01-05 16:00:00,0.14771,0.14808,0.14614,0.14664,607625.0
2026-01-05 16:15:00,0.1466,0.14893,0.14641,0.14878,680559.0
2026-01-05 16:30:00,0.14876,0.15192,0.14872,0.15108,2322689.0
2026-01-05 16:45:00,0.15109,0.15245,0.15025,0.15166,2158684.0
2026-01-05 17:00:00,0.15166,0.15485,0.1516,0.15409,3597234.0
2026-01-05 17:15:00,0.15416,0.15608,0.15226,0.15258,4313092.0
2026-01-05 17:30:00,0.15257,0.15294,0.1481,0.14908,4269157.0
2026-01-05 17:45:00,0.14907,0.1507,0.14836,0.15035,1791672.0
2026-01-05 18:00:00,0.15037,0.15279,0.14857,0.15231,2246332.0
2026-01-05 18:15:00,0.15232,0.15346,0.15061,0.1508,1673189.0
2026-01-05 18:30:00,0.15081,0.15266,0.15008,0.15182,1336898.0
2026-01-05 18:45:00,0.15182,0.15182,0.14864,0.14892,1339548.0
2026-01-05 19:00:00,0.1489,0.14976,0.14669,0.14852,1625620.0
2026-01-05 19:15:00,0.14847,0.14953,0.14756,0.1478,845733.0
2026-01-05 19:30:00,0.1478,0.14871,0.14715,0.14766,801090.0
2026-01-05 19:45:00,0.14771,0.15196,0.14771,0.15181,1492191.0
2026-01-05 20:00:00,0.1519,0.15243,0.15097,0.15109,1482386.0
2026-01-05 20:15:00,0.15109,0.15137,0.15014,0.15053,1171181.0
2026-01-05 20:30:00,0.1505,0.15062,0.14848,0.14861,759201.0
2026-01-05 20:45:00,0.14861,0.1508,0.14771,0.1504,1503458.0
2026-01-05 21:00:00,0.1504,0.15079,0.14737,0.14785,1538079.0
2026-01-05 21:15:00,0.14787,0.14892,0.14731,0.14848,802988.0
2026-01-05 21:30:00,0.14848,0.14916,0.14793,0.1484,409338.0
2026-01-05 21:45:00,0.1484,0.14939,0.14761,0.14769,847941.0
2026-01-05 22:00:00,0.14769,0.14827,0.14155,0.14428,3576887.0
2026-01-05 22:15:00,0.14427,0.14553,0.1438,0.14546,825262.0
2026-01-05 22:30:00,0.14546,0.14594,0.14428,0.14511,944411.0
2026-01-05 22:45:00,0.1451,0.14525,0.14368,0.1442,649732.0
2026-01-05 23:00:00,0.14421,0.1451,0.14377,0.1441,525448.0
2026-01-05 23:15:00,0.1441,0.14433,0.14306,0.14406,580404.0
2026-01-05 23:30:00,0.14406,0.145,0.14385,0.14445,404180.0
2026-01-05 23:45:00,0.14444,0.14576,0.1442,0.14555,777746.0
2026-01-06 00:00:00,0.14545,0.14785,0.14533,0.14773,1339593.0
2026-01-06 00:15:00,0.14772,0.14772,0.14552,0.1465,1152620.0
2026-01-06 00:30:00,0.14652,0.1502,0.14604,0.14888,2055919.0
2026-01-06 00:45:00,0.14879,0.14947,0.14871,0.14893,692644.0
2026-01-06 01:00:00,0.14892,0.14905,0.14617,0.14651,773046.0
2026-01-06 01:15:00,0.14645,0.14672,0.14525,0.14538,709861.0
2026-01-06 01:30:00,0.14538,0.14574,0.14391,0.14461,1190363.0
2026-01-06 01:45:00,0.1446,0.14564,0.14395,0.14528,329388.0
2026-01-06 02:00:00,0.14526,0.14547,0.14377,0.14474,674233.0
2026-01-06 02:15:00,0.14473,0.14566,0.14452,0.14466,397843.0
2026-01-06 02:30:00,0.14466,0.14482,0.14394,0.14438,347918.0
2026-01-06 02:45:00,0.14435,0.14468,0.14393,0.14405,230750.0
2026-01-06 03:00:00,0.14404,0.14416,0.14084,0.14091,1330969.0
2026-01-06 03:15:00,0.14091,0.1423,0.14089,0.14164,546075.0
2026-01-06 03:30:00,0.14165,0.14224,0.13911,0.13973,1527233.0
2026-01-06 03:45:00,0.13973,0.14017,0.13851,0.13953,653075.0
2026-01-06 04:00:00,0.13953,0.13968,0.13853,0.1395,505525.0
2026-01-06 04:15:00,0.13947,0.13947,0.13702,0.13714,855745.0
2026-01-06 04:30:00,0.13719,0.13799,0.13632,0.13787,1183948.0
2026-01-06 04:45:00,0.13787,0.13863,0.13709,0.13829,700494.0
2026-01-06 05:00:00,0.13828,0.13841,0.13652,0.13775,749870.0
2026-01-06 05:15:00,0.13765,0.13852,0.13709,0.13826,378175.0
2026-01-06 05:30:00,0.13818,0.13856,0.13764,0.13816,341105.0
2026-01-06 05:45:00,0.13806,0.13945,0.13791,0.1392,361931.0
2026-01-06 06:00:00,0.13922,0.14102,0.13821,0.14052,785730.0
2026-01-06 06:15:00,0.14052,0.14052,0.13945,0.13989,536274.0
2026-01-06 06:30:00,0.13989,0.14034,0.13972,0.14027,183206.0
2026-01-06 06:45:00,0.14027,0.14069,0.13971,0.14001,487152.0
2026-01-06 07:00:00,0.14002,0.14002,0.13805,0.13832,767320.0
2026-01-06 07:15:00,0.13832,0.14063,0.13762,0.14031,1198859.0
2026-01-06 07:30:00,0.14032,0.14074,0.13811,0.13888,763645.0
2026-01-06 07:45:00,0.1389,0.13896,0.13767,0.13788,459534.0
2026-01-06 08:00:00,0.13788,0.13911,0.13769,0.1387,819022.0
2026-01-06 08:15:00,0.13871,0.14032,0.13856,0.13967,670754.0
2026-01-06 08:30:00,0.1397,0.14048,0.13926,0.14012,663307.0
2026-01-06 08:45:00,0.14008,0.14024,0.13743,0.13804,1204802.0
2026-01-06 09:00:00,0.13803,0.13941,0.13803,0.13903,526639.0
2026-01-06 09:15:00,0.13898,0.13954,0.13798,0.1388,640051.0
2026-01-06 09:30:00,0.13882,0.13896,0.13673,0.1368,774406.0
2026-01-06 09:45:00,0.1368,0.13812,0.13536,0.13802,1295587.0
2026-01-06 10:00:00,0.13799,0.13828,0.13676,0.13817,857299.0
2026-01-06 10:15:00,0.13817,0.13832,0.13647,0.13668,616453.0
2026-01-06 10:30:00,0.13666,0.13748,0.13642,0.13703,561661.0
2026-01-06 10:45:00,0.13705,0.13852,0.13705,0.13852,687746.0
2026-01-06 11:00:00,0.13856,0.1388,0.13753,0.13868,458613.0
2026-01-06 11:15:00,0.13867,0.1393,0.1368,0.13707,1014003.0
2026-01-06 11:30:00,0.13707,0.13775,0.13673,0.13714,733970.0
2026-01-06 11:45:00,0.13707,0.13766,0.13617,0.13704,670336.0
2026-01-06 12:00:00,0.1369,0.13744,0.13609,0.1364,760094.0
2026-01-06 12:15:00,0.13638,0.13715,0.13549,0.13626,591075.0
2026-01-06 12:30:00,0.13621,0.13694,0.13601,0.13609,514027.0
2026-01-06 12:45:00,0.1361,0.13638,0.13549,0.13584,573032.0
2026-01-06 13:00:00,0.13585,0.13669,0.13548,0.13596,996023.0
2026-01-06 13:15:00,0.13594,0.13608,0.1331,0.13362,3125958.0
2026-01-06 13:30:00,0.13364,0.13399,0.13252,0.13372,1147298.0
2026-01-06 13:45:00,0.13372,0.13397,0.132,0.13222,1222538.0
2026-01-06 14:00:00,0.13221,0.1327,0.13103,0.13221,1774214.0
2026-01-06 14:15:00,0.13225,0.13362,0.13224,0.13357,1105722.0
2026-01-06 14:30:00,0.13352,0.13362,0.13223,0.13327,1051168.0
2026-01-06 14:45:00,0.13338,0.13456,0.13228,0.1336,1148089.0
2026-01-06 15:00:00,0.1335,0.135,0.13289,0.13463,1105539.0
2026-01-06 15:15:00,0.13462,0.13503,0.13362,0.13488,982636.0
2026-01-06 15:30:00,0.1349,0.13709,0.13429,0.13642,1464161.0
2026-01-06 15:45:00,0.13635,0.13661,0.135,0.13501,691371.0
2026-01-06 16:00:00,0.135,0.13582,0.13389,0.13422,821673.0
2026-01-06 16:15:00,0.13436,0.13596,0.13424,0.13569,497799.0
2026-01-06 16:30:00,0.13572,0.13718,0.135,0.13512,808312.0
2026-01-06 16:45:00,0.13522,0.13551,0.1344,0.13496,499563.0
2026-01-06 17:00:00,0.135,0.13589,0.13456,0.1349,728132.0
2026-01-06 17:15:00,0.13493,0.13534,0.13432,0.13459,532224.0
2026-01-06 17:30:00,0.1346,0.13521,0.13444,0.13487,370596.0
2026-01-06 17:45:00,0.13489,0.13656,0.1348,0.13625,610739.0
2026-01-06 18:00:00,0.13628,0.13686,0.13561,0.13606,868428.0
2026-01-06 18:15:00,0.13594,0.13605,0.1351,0.13573,832901.0
2026-01-06 18:30:00,0.13573,0.13603,0.13534,0.1359,486997.0
2026-01-06 18:45:00,0.1359,0.13608,0.13439,0.13458,650566.0
2026-01-06 19:00:00,0.13458,0.13499,0.13225,0.13228,1795302.0
2026-01-06 19:15:00,0.1324,0.13292,0.1233,0.12711,7318925.0
2026-01-06 19:30:00,0.12711,0.12792,0.12586,0.12697,2552774.0
2026-01-06 19:45:00,0.12697,0.12989,0.12697,0.12716,2562676.0
2026-01-06 20:00:00,0.12716,0.13139,0.12708,0.13077,3379614.0
2026-01-06 20:15:00,0.13079,0.13365,0.13021,0.13255,2663781.0
2026-01-06 20:30:00,0.13255,0.13453,0.13239,0.13263,1861579.0
2026-01-06 20:45:00,0.13263,0.13335,0.13222,0.13288,946244.0
2026-01-06 21:00:00,0.13288,0.13442,0.13246,0.13357,1502736.0
2026-01-06 21:15:00,0.13353,0.1346,0.13352,0.13369,1169024.0
2026-01-06 21:30:00,0.13372,0.13449,0.13294,0.13344,807759.0
2026-01-06 21:45:00,0.13346,0.13396,0.13252,0.13252,1122662.0
2026-01-06 22:00:00,0.13252,0.13326,0.1314,0.13169,1346426.0
2026-01-06 22:15:00,0.13186,0.13333,0.13148,0.13214,1020134.0
2026-01-06 22:30:00,0.13211,0.13216,0.12938,0.12999,1715094.0
2026-01-06 22:45:00,0.12999,0.13119,0.12995,0.13079,972902.0
2026-01-06 23:00:00,0.13072,0.13179,0.13027,0.13137,1236920.0
2026-01-06 23:15:00,0.13132,0.13132,0.1296,0.1296,751359.0
2026-01-06 23:30:00,0.1296,0.1312,0.12949,0.13001,1284444.0
2026-01-06 23:45:00,0.12994,0.13115,0.12962,0.13087,778834.0
2026-01-07 00:00:00,0.13086,0.13093,0.13008,0.13058,553336.0
2026-01-07 00:15:00,0.13056,0.13154,0.13018,0.13119,863706.0
2026-01-07 00:30:00,0.13115,0.13447,0.13087,0.1339,1705879.0
2026-01-07 00:45:00,0.13386,0.13656,0.13333,0.13566,1781377.0
2026-01-07 01:00:00,0.13565,0.13881,0.1352,0.13796,2550366.0
2026-01-07 01:15:00,0.1379,0.13841,0.13668,0.1375,601154.0
2026-01-07 01:30:00,0.1375,0.1389,0.1375,0.13806,666711.0
2026-01-07 01:45:00,0.138,0.1405,0.13758,0.13949,1200912.0
2026-01-07 02:00:00,0.13949,0.14012,0.13754,0.13809,1410574.0
2026-01-07 02:15:00,0.13806,0.13869,0.13667,0.1372,543233.0
2026-01-07 02:30:00,0.13723,0.13744,0.13585,0.13586,425770.0
2026-01-07 02:45:00,0.13598,0.13611,0.13462,0.13541,669587.0
2026-01-07 03:00:00,0.13541,0.13641,0.13518,0.13568,669134.0
2026-01-07 03:15:00,0.13568,0.1361,0.13549,0.13568,258710.0
2026-01-07 03:30:00,0.13571,0.13821,0.13571,0.13784,927174.0
2026-01-07 03:45:00,0.13782,0.13925,0.13776,0.13874,405952.0
2026-01-07 04:00:00,0.13875,0.14266,0.13861,0.14217,1231172.0
2026-01-07 04:15:00,0.14217,0.14275,0.14012,0.14084,1490992.0
2026-01-07 04:30:00,0.14085,0.14238,0.1406,0.14164,560496.0
2026-01-07 04:45:00,0.14164,0.14515,0.14125,0.14513,1027822.0
2026-01-07 05:00:00,0.1451,0.147,0.14383,0.14651,2552007.0
2026-01-07 05:15:00,0.14647,0.1475,0.14434,0.14445,1346569.0
2026-01-07 05:30:00,0.14444,0.14452,0.14228,0.14244,1519312.0
2026-01-07 05:45:00,0.14252,0.14277,0.1413,0.14169,561069.0
2026-01-07 06:00:00,0.14169,0.14281,0.14012,0.14255,1157994.0
2026-01-07 06:15:00,0.14255,0.14383,0.14206,0.1427,696929.0
2026-01-07 06:30:00,0.14269,0.1434,0.14173,0.14268,545537.0
2026-01-07 06:45:00,0.1427,0.14401,0.142,0.14333,629923.0
2026-01-07 07:00:00,0.14338,0.14379,0.14232,0.14323,892668.0
2026-01-07 07:15:00,0.14318,0.14517,0.14312,0.14474,712804.0
2026-01-07 07:30:00,0.14475,0.14475,0.14301,0.14315,669425.0
2026-01-07 07:45:00,0.14316,0.1435,0.14173,0.14256,734822.0
2026-01-07 08:00:00,0.14246,0.143,0.14017,0.14118,1099852.0
2026-01-07 08:15:00,0.14113,0.14144,0.13967,0.14111,910031.0
2026-01-07 08:30:00,0.14106,0.14164,0.13962,0.14065,791989.0
2026-01-07 08:45:00,0.1407,0.14086,0.13926,0.14036,574908.0
2026-01-07 09:00:00,0.14035,0.14105,0.13934,0.14105,838844.0
2026-01-07 09:15:00,0.14103,0.14298,0.14066,0.14083,1110798.0
2026-01-07 09:30:00,0.14075,0.14211,0.14051,0.14135,717633.0
2026-01-07 09:45:00,0.14136,0.14244,0.14065,0.14152,654370.0
2026-01-07 10:00:00,0.14154,0.14227,0.14024,0.14073,680590.0
2026-01-07 10:15:00,0.14083,0.14089,0.13941,0.14046,869496.0
2026-01-07 10:30:00,0.14038,0.14091,0.14004,0.14045,274378.0
2026-01-07 10:45:00,0.14044,0.14306,0.14021,0.14239,899437.0
2026-01-07 11:00:00,0.14235,0.14402,0.14213,0.14338,740716.0
2026-01-07 11:15:00,0.14327,0.14341,0.1414,0.14159,563846.0
2026-01-07 11:30:00,0.14164,0.14297,0.14123,0.14233,741655.0
2026-01-07 11:45:00,0.14242,0.14455,0.14177,0.14424,720299.0
2026-01-07 12:00:00,0.14418,0.14447,0.14208,0.14223,858431.0
2026-01-07 12:15:00,0.14217,0.1428,0.142,0.14264,338932.0
2026-01-07 12:30:00,0.14264,0.14315,0.14171,0.1419,550379.0
2026-01-07 12:45:00,0.14193,0.14296,0.14193,0.14229,516395.0
2026-01-07 13:00:00,0.14228,0.14241,0.13772,0.13894,2456507.0
2026-01-07 13:15:00,0.13896,0.14095,0.13878,0.1399,863329.0
2026-01-07 13:30:00,0.13989,0.14053,0.13912,0.13987,697895.0
2026-01-07 13:45:00,0.1399,0.14236,0.13973,0.14199,867940.0
2026-01-07 14:00:00,0.1421,0.14211,0.14002,0.14058,788012.0
2026-01-07 14:15:00,0.14059,0.14094,0.14003,0.14053,371490.0
2026-01-07 14:30:00,0.14058,0.14128,0.13986,0.14112,342803.0
2026-01-07 14:45:00,0.14115,0.14123,0.13986,0.1407,484768.0
2026-01-07 15:00:00,0.14084,0.14091,0.13863,0.13926,717538.0
2026-01-07 15:15:00,0.13915,0.13962,0.13852,0.13899,590884.0
2026-01-07 15:30:00,0.13887,0.13887,0.13706,0.13801,1337529.0
2026-01-07 15:45:00,0.13794,0.1383,0.13621,0.13738,1069326.0
2026-01-07 16:00:00,0.13743,0.13895,0.13718,0.13845,735684.0
2026-01-07 16:15:00,0.13842,0.13968,0.13775,0.13941,849061.0
2026-01-07 16:30:00,0.13939,0.14131,0.13939,0.14043,1213501.0
2026-01-07 16:45:00,0.1404,0.14406,0.13988,0.14395,2105023.0
2026-01-07 17:00:00,0.14394,0.1452,0.14239,0.14473,2056014.0
2026-01-07 17:15:00,0.14486,0.14487,0.14212,0.14249,1375330.0
2026-01-07 17:30:00,0.14241,0.14275,0.14127,0.142,816111.0
2026-01-07 17:45:00,0.14201,0.14335,0.14185,0.14323,650701.0
2026-01-07 18:00:00,0.14316,0.14384,0.14216,0.14295,888442.0
2026-01-07 18:15:00,0.14294,0.14434,0.14284,0.14377,834638.0
2026-01-07 18:30:00,0.14374,0.145,0.14329,0.14477,976782.0
2026-01-07 18:45:00,0.14477,0.1484,0.14477,0.14536,4140086.0
2026-01-07 19:00:00,0.14536,0.146,0.14331,0.14368,2632205.0
2026-01-07 19:15:00,0.14368,0.14368,0.14166,0.14234,2410619.0
2026-01-07 19:30:00,0.14236,0.14406,0.14082,0.14401,4106521.0
2026-01-07 19:45:00,0.14401,0.14686,0.14271,0.14574,6000826.0
2026-01-07 20:00:00,0.14567,0.1466,0.14384,0.14423,6486528.0
2026-01-07 20:15:00,0.1442,0.14555,0.14373,0.14474,2813736.0
2026-01-07 20:30:00,0.14478,0.1454,0.14374,0.14446,2196352.0
2026-01-07 20:45:00,0.14444,0.14459,0.14124,0.14146,2998354.0
2026-01-07 21:00:00,0.1415,0.14168,0.13567,0.13873,8692835.0
2026-01-07 21:15:00,0.13873,0.13888,0.13682,0.13737,5496390.0
2026-01-07 21:30:00,0.13738,0.13863,0.13719,0.13769,4396114.0
2026-01-07 21:45:00,0.13769,0.13828,0.13749,0.13767,2852378.0
2026-01-07 22:00:00,0.13767,0.13791,0.13333,0.13691,6623244.0
2026-01-07 22:15:00,0.13692,0.13728,0.13519,0.13547,4225397.0
2026-01-07 22:30:00,0.13544,0.13594,0.13448,0.1351,3170830.0
2026-01-07 22:45:00,0.13516,0.13777,0.13416,0.13704,6164046.0
2026-01-07 23:00:00,0.13702,0.13824,0.13671,0.13773,5516953.0
2026-01-07 23:15:00,0.1377,0.13883,0.1372,0.13881,5703964.0
2026-01-07 23:30:00,0.13882,0.14171,0.13865,0.14044,7834804.0
2026-01-07 23:45:00,0.1404,0.14052,0.13806,0.13887,6495280.0
2026-01-08 00:00:00,0.13888,0.13954,0.13798,0.13938,9505246.0
2026-01-08 00:15:00,0.1394,0.13982,0.13797,0.13865,15003183.0
2026-01-08 00:30:00,0.13865,0.13901,0.13733,0.13782,10095511.0
2026-01-08 00:45:00,0.1378,0.13848,0.13653,0.13687,13674375.0
2026-01-08 01:00:00,0.13685,0.13738,0.13591,0.13691,10317397.0
2026-01-08 01:15:00,0.1369,0.13752,0.13641,0.13743,6373814.0
2026-01-08 01:30:00,0.13744,0.13783,0.13701,0.13751,6515654.0
2026-01-08 01:45:00,0.13751,0.1379,0.13659,0.13665,5231946.0
2026-01-08 02:00:00,0.13666,0.13833,0.13665,0.13821,7846329.0
2026-01-08 02:15:00,0.13822,0.13829,0.13777,0.13786,7776133.0
2026-01-08 02:30:00,0.13785,0.13814,0.13773,0.13799,6361800.0
2026-01-08 02:45:00,0.138,0.13818,0.13654,0.13733,7133216.0
2026-01-08 03:00:00,0.13734,0.13915,0.1371,0.13818,6707066.0
2026-01-08 03:15:00,0.13819,0.13823,0.13768,0.13799,11792163.0
2026-01-08 03:30:00,0.13799,0.13877,0.13774,0.13792,5452096.0
2026-01-08 03:45:00,0.13793,0.13808,0.13702,0.13759,5323885.0
2026-01-08 04:00:00,0.13758,0.13797,0.13758,0.13777,8074910.0
2026-01-08 04:15:00,0.13776,0.13789,0.13757,0.13776,4615207.0
2026-01-08 04:30:00,0.13775,0.13791,0.1375,0.13773,3567054.0
2026-01-08 04:45:00,0.13773,0.13777,0.13756,0.13756,4438040.0
2026-01-08 05:00:00,0.13756,0.13788,0.13741,0.13772,1829214.0
2026-01-08 05:15:00,0.13771,0.13947,0.13769,0.13942,2300194.0
2026-01-08 05:30:00,0.13946,0.14029,0.13906,0.14024,2791711.0
2026-01-08 05:45:00,0.14025,0.14136,0.13972,0.14109,1356092.0
2026-01-08 06:00:00,0.14108,0.14238,0.14028,0.14238,1923715.0
2026-01-08 06:15:00,0.14236,0.14329,0.14185,0.14188,1998939.0
2026-01-08 06:30:00,0.14188,0.14236,0.14143,0.14213,3098420.0
2026-01-08 06:45:00,0.14213,0.14233,0.14012,0.14034,2172102.0
2026-01-08 07:00:00,0.14033,0.14047,0.13861,0.13876,2029289.0
2026-01-08 07:15:00,0.13877,0.13877,0.13703,0.13709,1471479.0
2026-01-08 07:30:00,0.1371,0.13833,0.13701,0.138,1006979.0
2026-01-08 07:45:00,0.138,0.14108,0.13788,0.1402,1726118.0
2026-01-08 08:00:00,0.1402,0.14035,0.139,0.14016,2047121.0
2026-01-08 08:15:00,0.14013,0.14281,0.13981,0.14236,1419717.0
2026-01-08 08:30:00,0.14235,0.14447,0.14154,0.14447,1909430.0
2026-01-08 08:45:00,0.14447,0.14561,0.14374,0.14446,2457380.0
2026-01-08 09:00:00,0.14446,0.14649,0.1436,0.14509,2517916.0
2026-01-08 09:15:00,0.1451,0.14669,0.14407,0.14466,2261379.0
2026-01-08 09:30:00,0.14466,0.14467,0.1426,0.14352,2448769.0
2026-01-08 09:45:00,0.1435,0.14466,0.14313,0.14444,1696265.0
2026-01-08 10:00:00,0.1444,0.14788,0.14433,0.14609,3164962.0
2026-01-08 10:15:00,0.14607,0.14612,0.14452,0.14516,2018177.0
2026-01-08 10:30:00,0.14518,0.14719,0.14489,0.1462,1370594.0
2026-01-08 10:45:00,0.14624,0.14745,0.14561,0.14623,1934399.0
2026-01-08 11:00:00,0.14623,0.14671,0.14453,0.14655,2035827.0
2026-01-08 11:15:00,0.14656,0.148,0.14613,0.14784,2046776.0
2026-01-08 11:30:00,0.14785,0.149,0.14643,0.14708,2374461.0
2026-01-08 11:45:00,0.14709,0.14851,0.14634,0.14831,1319403.0
2026-01-08 12:00:00,0.14831,0.1492,0.14737,0.1477,1909402.0
2026-01-08 12:15:00,0.1477,0.14788,0.14612,0.14667,1692363.0
2026-01-08 12:30:00,0.14666,0.1468,0.14551,0.14671,1359737.0
2026-01-08 12:45:00,0.14672,0.14785,0.14658,0.14728,1234375.0
2026-01-08 13:00:00,0.14727,0.15303,0.14727,0.15245,4923100.0
2026-01-08 13:15:00,0.15244,0.15666,0.15093,0.15644,10598297.0
2026-01-08 13:30:00,0.15641,0.165,0.1562,0.16335,20959455.0
2026-01-08 13:45:00,0.16334,0.16385,0.16018,0.1624,12006019.0
2026-01-08 14:00:00,0.16239,0.16665,0.16051,0.16583,18323051.0
2026-01-08 14:15:00,0.16583,0.168,0.164,0.16491,14814091.0
2026-01-08 14:30:00,0.1649,0.16577,0.16207,0.1635,11531943.0
2026-01-08 14:45:00,0.16341,0.1663,0.16207,0.16276,12331366.0
2026-01-08 15:00:00,0.16282,0.166,0.16276,0.16532,8584389.0
2026-01-08 15:15:00,0.16531,0.1692,0.16473,0.16628,16613610.0
2026-01-08 15:30:00,0.16627,0.16637,0.1584,0.15997,28595351.0
2026-01-08 15:45:00,0.15993,0.16033,0.15402,0.15591,17454884.0
2026-01-08 16:00:00,0.15591,0.15824,0.15463,0.15639,8698805.0
2026-01-08 16:15:00,0.15637,0.15699,0.15212,0.15512,8049916.0
2026-01-08 16:30:00,0.15507,0.15572,0.15213,0.15313,6056971.0
2026-01-08 16:45:00,0.15314,0.15589,0.15184,0.15549,6273077.0
2026-01-08 17:00:00,0.15545,0.15657,0.15294,0.15543,7668303.0
2026-01-08 17:15:00,0.15549,0.1578,0.15415,0.15702,5945381.0
2026-01-08 17:30:00,0.15702,0.15729,0.15487,0.15682,3484905.0
2026-01-08 17:45:00,0.15683,0.16165,0.15683,0.16124,8795553.0
2026-01-08 18:00:00,0.16126,0.16544,0.16023,0.16544,11705828.0
2026-01-08 18:15:00,0.16541,0.16555,0.15792,0.15882,14077074.0
2026-01-08 18:30:00,0.1588,0.16,0.15539,0.15803,9094872.0
2026-01-08 18:45:00,0.15801,0.16115,0.1564,0.16068,6573857.0
2026-01-08 19:00:00,0.16065,0.16366,0.15993,0.16211,8365948.0
2026-01-08 19:15:00,0.1621,0.16359,0.16202,0.16247,4900139.0
2026-01-08 19:30:00,0.16247,0.16326,0.15921,0.15964,6834867.0
2026-01-08 19:45:00,0.15961,0.16074,0.15796,0.15917,4964091.0
2026-01-08 20:00:00,0.15915,0.16036,0.15818,0.15885,4043658.0
2026-01-08 20:15:00,0.15885,0.15936,0.15685,0.15776,4165794.0
2026-01-08 20:30:00,0.15776,0.16087,0.15749,0.15891,4704550.0
2026-01-08 20:45:00,0.15891,0.16339,0.15855,0.16122,6925070.0
2026-01-08 21:00:00,0.16122,0.16483,0.161,0.16388,7932028.0
2026-01-08 21:15:00,0.1639,0.16539,0.1627,0.16469,8746794.0
2026-01-08 21:30:00,0.16468,0.16468,0.15959,0.16001,11425446.0
2026-01-08 21:45:00,0.16002,0.16109,0.15761,0.16005,8868943.0
2026-01-08 22:00:00,0.16004,0.1601,0.14882,0.15023,18588653.0
2026-01-08 22:15:00,0.15024,0.15088,0.14567,0.14784,10528632.0
2026-01-08 22:30:00,0.14784,0.15015,0.14684,0.14817,7420910.0
2026-01-08 22:45:00,0.14819,0.15049,0.14713,0.14881,6339186.0
2026-01-08 23:00:00,0.14879,0.15,0.14685,0.14897,5499983.0
2026-01-08 23:15:00,0.14897,0.15041,0.14707,0.1473,4201708.0
2026-01-08 23:30:00,0.14727,0.14874,0.14581,0.14631,3970328.0
2026-01-08 23:45:00,0.14631,0.14782,0.14537,0.14608,3710007.0
2026-01-09 00:00:00,0.14608,0.14876,0.14573,0.14794,3688405.0
2026-01-09 00:15:00,0.14797,0.14851,0.146,0.1462,2919628.0
2026-01-09 00:30:00,0.14619,0.14867,0.14619,0.14739,3011332.0
2026-01-09 00:45:00,0.14738,0.14745,0.14618,0.14717,2021979.0
2026-01-09 01:00:00,0.14717,0.14724,0.14386,0.14554,3886541.0
2026-01-09 01:15:00,0.14552,0.14586,0.14392,0.14478,2144304.0
2026-01-09 01:30:00,0.1448,0.14504,0.14286,0.14341,2713471.0
2026-01-09 01:45:00,0.14342,0.14541,0.14246,0.14487,2774883.0
2026-01-09 02:00:00,0.14487,0.14566,0.14381,0.14404,2384707.0
2026-01-09 02:15:00,0.14404,0.1443,0.14267,0.14332,1806204.0
2026-01-09 02:30:00,0.14332,0.14414,0.14297,0.14307,1184493.0
2026-01-09 02:45:00,0.14309,0.14385,0.14157,0.14228,2337246.0
2026-01-09 03:00:00,0.14228,0.1424,0.14044,0.14087,2902674.0
2026-01-09 03:15:00,0.14085,0.14194,0.14032,0.14074,2315047.0
2026-01-09 03:30:00,0.14074,0.14221,0.1407,0.14208,2434165.0
2026-01-09 03:45:00,0.14207,0.14213,0.14014,0.14048,1896811.0
2026-01-09 04:00:00,0.14052,0.1413,0.13988,0.14,1911290.0
2026-01-09 04:15:00,0.14,0.14124,0.13974,0.14053,1153717.0
2026-01-09 04:30:00,0.14053,0.14231,0.14052,0.14205,1451808.0
2026-01-09 04:45:00,0.14204,0.14296,0.14174,0.14228,1364937.0
2026-01-09 05:00:00,0.14229,0.14447,0.14142,0.14311,3150536.0
2026-01-09 05:15:00,0.14312,0.14446,0.14258,0.14443,1399013.0
2026-01-09 05:30:00,0.14443,0.14443,0.14323,0.1437,1435620.0
2026-01-09 05:45:00,0.14369,0.14493,0.14356,0.14435,1268741.0
2026-01-09 06:00:00,0.14435,0.14446,0.14355,0.14412,1737128.0
2026-01-09 06:15:00,0.14412,0.14444,0.14358,0.14364,1577879.0
2026-01-09 06:30:00,0.14364,0.14364,0.14222,0.14309,1867543.0
2026-01-09 06:45:00,0.14309,0.14394,0.14267,0.14274,1792473.0
2026-01-09 07:00:00,0.14275,0.14466,0.14224,0.14448,2871294.0
2026-01-09 07:15:00,0.14449,0.14699,0.14434,0.14689,3021376.0
2026-01-09 07:30:00,0.14689,0.14814,0.14568,0.14594,4226086.0
2026-01-09 07:45:00,0.1459,0.14602,0.14376,0.14421,1865608.0
2026-01-09 08:00:00,0.14421,0.14618,0.14417,0.14611,2670986.0
2026-01-09 08:15:00,0.14612,0.14661,0.14457,0.14585,2352135.0
2026-01-09 08:30:00,0.14585,0.14607,0.14401,0.14547,3061265.0
2026-01-09 08:45:00,0.14547,0.14626,0.14416,0.14624,2404249.0
2026-01-09 09:00:00,0.14627,0.14938,0.14627,0.14903,5131790.0
2026-01-09 09:15:00,0.14902,0.15038,0.14761,0.15003,5262091.0
2026-01-09 09:30:00,0.15003,0.15034,0.14787,0.14813,3019740.0
2026-01-09 09:45:00,0.14813,0.14862,0.1471,0.14725,1772631.0
2026-01-09 10:00:00,0.14723,0.14815,0.14601,0.1464,2189479.0
2026-01-09 10:15:00,0.1464,0.14828,0.14635,0.14792,1556472.0
2026-01-09 10:30:00,0.14791,0.14855,0.14756,0.14832,1044213.0
2026-01-09 10:45:00,0.14833,0.15029,0.14806,0.15023,1730383.0
2026-01-09 11:00:00,0.15024,0.15087,0.14855,0.14884,2034200.0
2026-01-09 11:15:00,0.14884,0.14893,0.148,0.14893,1162408.0
2026-01-09 11:30:00,0.14893,0.14937,0.14813,0.14907,1019551.0
2026-01-09 11:45:00,0.14907,0.15034,0.14892,0.15003,1136299.0
2026-01-09 12:00:00,0.15003,0.15067,0.14903,0.14917,1518965.0
2026-01-09 12:15:00,0.14918,0.14918,0.14801,0.14874,1594533.0
2026-01-09 12:30:00,0.14869,0.14935,0.14802,0.14881,1388674.0
2026-01-09 12:45:00,0.14882,0.15001,0.1488,0.14986,1321566.0
2026-01-09 13:00:00,0.14987,0.15239,0.14978,0.15181,3268865.0
2026-01-09 13:15:00,0.15181,0.153,0.15128,0.15283,2671511.0
2026-01-09 13:30:00,0.15283,0.15306,0.14905,0.14998,4303579.0
2026-01-09 13:45:00,0.14997,0.15198,0.14997,0.15079,2971291.0
2026-01-09 14:00:00,0.15078,0.15195,0.14982,0.15024,2809000.0
2026-01-09 14:15:00,0.15024,0.15024,0.14707,0.1473,3393181.0
2026-01-09 14:30:00,0.14729,0.14814,0.14719,0.14764,3102460.0
2026-01-09 14:45:00,0.14765,0.14765,0.14482,0.14525,4629235.0
2026-01-09 15:00:00,0.14525,0.14693,0.14515,0.14633,4461184.0
2026-01-09 15:15:00,0.14634,0.14769,0.14633,0.14732,3002694.0
2026-01-09 15:30:00,0.14732,0.1488,0.14705,0.14706,4719346.0
2026-01-09 15:45:00,0.14705,0.1481,0.14663,0.14756,5645730.0
2026-01-09 16:00:00,0.14756,0.14873,0.14741,0.14818,4429068.0
2026-01-09 16:15:00,0.14818,0.1482,0.1463,0.14644,3674601.0
2026-01-09 16:30:00,0.14644,0.15032,0.14622,0.15,5617754.0
2026-01-09 16:45:00,0.15001,0.15116,0.14937,0.14955,4626706.0
2026-01-09 17:00:00,0.14955,0.15311,0.14916,0.15144,6366270.0
2026-01-09 17:15:00,0.15144,0.1528,0.15143,0.15222,4364444.0
2026-01-09 17:30:00,0.15222,0.15229,0.15047,0.15103,4672442.0
2026-01-09 17:45:00,0.15103,0.15215,0.151,0.15154,3779894.0
2026-01-09 18:00:00,0.15154,0.15341,0.1512,0.15307,4546061.0
2026-01-09 18:15:00,0.15307,0.15418,0.15269,0.15325,4479146.0
2026-01-09 18:30:00,0.15326,0.15359,0.1522,0.15273,4421146.0
2026-01-09 18:45:00,0.15273,0.15284,0.15169,0.15254,3922200.0
2026-01-09 19:00:00,0.15254,0.15509,0.15243,0.15401,5422753.0
2026-01-09 19:15:00,0.154,0.15498,0.15365,0.15449,4721467.0
2026-01-09 19:30:00,0.1545,0.15493,0.15258,0.15268,5823459.0
2026-01-09 19:45:00,0.15269,0.15503,0.15269,0.15485,5311856.0
2026-01-09 20:00:00,0.15484,0.1562,0.15367,0.15377,6641310.0
2026-01-09 20:15:00,0.15377,0.15451,0.1518,0.1523,6313513.0
2026-01-09 20:30:00,0.1523,0.15376,0.15194,0.15342,6084221.0
2026-01-09 20:45:00,0.15343,0.15596,0.15322,0.15532,5159284.0
2026-01-09 21:00:00,0.15531,0.15649,0.15404,0.15426,5672184.0
2026-01-09 21:15:00,0.15426,0.15518,0.15365,0.15498,6269614.0
2026-01-09 21:30:00,0.15498,0.15619,0.15485,0.15545,5887105.0
2026-01-09 21:45:00,0.15543,0.15612,0.15532,0.15554,4378493.0
2026-01-09 22:00:00,0.15554,0.158,0.15532,0.15557,6635011.0
2026-01-09 22:15:00,0.15558,0.15754,0.15535,0.15632,5555924.0
2026-01-09 22:30:00,0.15631,0.15703,0.15609,0.1563,5287647.0
2026-01-09 22:45:00,0.1563,0.15789,0.15548,0.15785,4760870.0
2026-01-09 23:00:00,0.15785,0.15976,0.15712,0.15732,6967363.0
2026-01-09 23:15:00,0.15732,0.15854,0.15688,0.1579,5147966.0
2026-01-09 23:30:00,0.15791,0.15935,0.1574,0.15918,4491029.0
2026-01-09 23:45:00,0.15918,0.15981,0.15804,0.15972,4641468.0
2026-01-10 00:00:00,0.15969,0.16269,0.15964,0.16074,7352530.0
2026-01-10 00:15:00,0.16073,0.16371,0.16013,0.16325,7677676.0
2026-01-10 00:30:00,0.16325,0.16362,0.16184,0.16216,5167733.0
2026-01-10 00:45:00,0.16215,0.16354,0.16085,0.16215,7789013.0
2026-01-10 01:00:00,0.16216,0.16362,0.16174,0.1618,8250206.0
2026-01-10 01:15:00,0.16178,0.16431,0.16155,0.1635,7537422.0
2026-01-10 01:30:00,0.16349,0.16365,0.1612,0.16295,7432109.0
2026-01-10 01:45:00,0.16294,0.16312,0.1613,0.16253,7063584.0
2026-01-10 02:00:00,0.16252,0.16358,0.16161,0.16161,7441723.0
2026-01-10 02:15:00,0.16161,0.16176,0.1595,0.16062,8547344.0
2026-01-10 02:30:00,0.16063,0.16168,0.15953,0.16164,5334247.0
2026-01-10 02:45:00,0.16166,0.16179,0.15836,0.15904,6818033.0
2026-01-10 03:00:00,0.15905,0.1614,0.1589,0.16112,6013404.0
2026-01-10 03:15:00,0.16112,0.16155,0.15977,0.16043,4517486.0
2026-01-10 03:30:00,0.16042,0.16084,0.15917,0.16012,3802756.0
2026-01-10 03:45:00,0.16012,0.16068,0.16,0.16052,2888377.0
2026-01-10 04:00:00,0.16052,0.16269,0.16044,0.16129,4954136.0
2026-01-10 04:15:00,0.16129,0.16385,0.16129,0.16346,4674515.0
2026-01-10 04:30:00,0.16346,0.16447,0.16166,0.16366,4167995.0
2026-01-10 04:45:00,0.16364,0.16419,0.16302,0.16311,3526644.0
2026-01-10 05:00:00,0.1631,0.16544,0.1631,0.16472,4988269.0
2026-01-10 05:15:00,0.16472,0.16684,0.16331,0.16664,7444200.0
2026-01-10 05:30:00,0.16662,0.17115,0.16653,0.17004,8367465.0
2026-01-10 05:45:00,0.17007,0.17291,0.16883,0.17097,6995509.0
2026-01-10 06:00:00,0.17097,0.17219,0.1672,0.16739,9522960.0
2026-01-10 06:15:00,0.16739,0.16864,0.16591,0.16665,5818207.0
2026-01-10 06:30:00,0.16665,0.16774,0.16596,0.16605,4023701.0
2026-01-10 06:45:00,0.16607,0.16735,0.16478,0.1649,4865125.0
2026-01-10 07:00:00,0.16491,0.16507,0.16184,0.16346,5772028.0
2026-01-10 07:15:00,0.16345,0.16439,0.15852,0.15977,7024783.0
2026-01-10 07:30:00,0.15983,0.16213,0.15957,0.1617,2938538.0
2026-01-10 07:45:00,0.16169,0.16335,0.16125,0.16259,3400265.0
2026-01-10 08:00:00,0.16254,0.16298,0.15969,0.15969,2627948.0
2026-01-10 08:15:00,0.1597,0.161,0.15954,0.16085,1752686.0
2026-01-10 08:30:00,0.16085,0.1629,0.15984,0.16053,2195343.0
2026-01-10 08:45:00,0.16052,0.16221,0.16026,0.16174,1276716.0
2026-01-10 09:00:00,0.16172,0.1618,0.1596,0.16144,1765603.0
2026-01-10 09:15:00,0.16148,0.16222,0.16025,0.16192,1350806.0
2026-01-10 09:30:00,0.16192,0.16261,0.15949,0.15987,2599683.0
2026-01-10 09:45:00,0.15989,0.16117,0.15933,0.15939,1304058.0
2026-01-10 10:00:00,0.15939,0.15953,0.15474,0.15666,4645213.0
2026-01-10 10:15:00,0.15666,0.1577,0.15628,0.15662,1380497.0
2026-01-10 10:30:00,0.15662,0.15734,0.15543,0.15722,1815961.0
2026-01-10 10:45:00,0.1572,0.15798,0.15341,0.15396,2867652.0
2026-01-10 11:00:00,0.15393,0.15568,0.15259,0.15527,3749857.0
2026-01-10 11:15:00,0.15527,0.15574,0.15415,0.15431,1464253.0
2026-01-10 11:30:00,0.15429,0.15489,0.15249,0.15284,2019688.0
2026-01-10 11:45:00,0.15282,0.15357,0.15258,0.15284,876513.0
2026-01-10 12:00:00,0.15285,0.15468,0.15222,0.1541,2374941.0
2026-01-10 12:15:00,0.15407,0.15592,0.1539,0.15583,1712872.0
2026-01-10 12:30:00,0.15583,0.15647,0.15464,0.15645,1369867.0
2026-01-10 12:45:00,0.15645,0.15786,0.15567,0.15597,2081310.0
2026-01-10 13:00:00,0.15597,0.15643,0.15467,0.15508,1568528.0
2026-01-10 13:15:00,0.15512,0.15608,0.15424,0.15594,1489897.0
2026-01-10 13:30:00,0.15591,0.15951,0.15578,0.15816,3959142.0
2026-01-10 13:45:00,0.15816,0.159,0.15718,0.15864,1796389.0
2026-01-10 14:00:00,0.15862,0.15928,0.1566,0.15684,1964463.0
2026-01-10 14:15:00,0.15683,0.15763,0.15601,0.1564,1070259.0
2026-01-10 14:30:00,0.15639,0.15774,0.15637,0.15746,1299111.0
2026-01-10 14:45:00,0.15746,0.1581,0.15683,0.15709,993801.0
2026-01-10 15:00:00,0.15707,0.1584,0.1564,0.15758,1404193.0
2026-01-10 15:15:00,0.15757,0.15776,0.156,0.15651,1101769.0
2026-01-10 15:30:00,0.1565,0.15668,0.15384,0.1558,2528465.0
2026-01-10 15:45:00,0.15583,0.15801,0.15578,0.158,969977.0
2026-01-10 16:00:00,0.15799,0.15979,0.15768,0.15887,2360924.0
2026-01-10 16:15:00,0.15889,0.16036,0.15847,0.15977,1792125.0
2026-01-10 16:30:00,0.15976,0.16062,0.15832,0.15843,2505633.0
2026-01-10 16:45:00,0.15848,0.15882,0.15478,0.15538,2504510.0
2026-01-10 17:00:00,0.15537,0.15577,0.1532,0.15347,2348356.0
2026-01-10 17:15:00,0.15347,0.15605,0.15267,0.15554,2117390.0
2026-01-10 17:30:00,0.15559,0.15696,0.15497,0.15528,1780736.0
2026-01-10 17:45:00,0.15529,0.15685,0.15524,0.1563,1047712.0
2026-01-10 18:00:00,0.1563,0.15664,0.15533,0.15581,986578.0
2026-01-10 18:15:00,0.15583,0.15617,0.1551,0.15557,683480.0
2026-01-10 18:30:00,0.15559,0.15564,0.15473,0.15479,614393.0
2026-01-10 18:45:00,0.15481,0.1558,0.15438,0.15524,955443.0
2026-01-10 19:00:00,0.15524,0.15533,0.15411,0.15454,927016.0
2026-01-10 19:15:00,0.15452,0.15528,0.1542,0.15506,635969.0
2026-01-10 19:30:00,0.15506,0.15506,0.15389,0.15404,854749.0
2026-01-10 19:45:00,0.15402,0.15444,0.15338,0.15358,821681.0
2026-01-10 20:00:00,0.15356,0.15377,0.15269,0.15318,955371.0
2026-01-10 20:15:00,0.15317,0.15387,0.15283,0.15384,857859.0
2026-01-10 20:30:00,0.15386,0.1541,0.15293,0.15316,660625.0
2026-01-10 20:45:00,0.15316,0.15352,0.15238,0.15306,929616.0
2026-01-10 21:00:00,0.15307,0.15307,0.15041,0.15151,1991992.0
2026-01-10 21:15:00,0.1515,0.15266,0.15145,0.15242,1092283.0
2026-01-10 21:30:00,0.15242,0.15414,0.15226,0.15336,1304302.0
2026-01-10 21:45:00,0.15337,0.15416,0.15307,0.15392,566870.0
2026-01-10 22:00:00,0.15387,0.15387,0.15308,0.15366,648033.0
2026-01-10 22:15:00,0.15366,0.15605,0.15357,0.1536,1741222.0
2026-01-10 22:30:00,0.1536,0.15361,0.15271,0.15287,878763.0
2026-01-10 22:45:00,0.15287,0.15316,0.15208,0.15297,878337.0
2026-01-10 23:00:00,0.15294,0.15431,0.15259,0.15382,1055024.0
2026-01-10 23:15:00,0.15382,0.15469,0.153,0.15314,933013.0
2026-01-10 23:30:00,0.15315,0.15334,0.1521,0.1523,705692.0
2026-01-10 23:45:00,0.15231,0.1526,0.15212,0.15222,433506.0
2026-01-11 00:00:00,0.15221,0.15228,0.15062,0.1511,1133088.0
2026-01-11 00:15:00,0.1511,0.1518,0.15103,0.15173,513389.0
2026-01-11 00:30:00,0.15166,0.15167,0.15078,0.15107,393802.0
2026-01-11 00:45:00,0.15114,0.15138,0.1496,0.15012,920938.0
2026-01-11 01:00:00,0.15012,0.15091,0.14918,0.14973,1225530.0
2026-01-11 01:15:00,0.14972,0.15056,0.1496,0.15037,606615.0
2026-01-11 01:30:00,0.15037,0.15125,0.14994,0.15062,844423.0
2026-01-11 01:45:00,0.15061,0.15137,0.15051,0.15107,603815.0
2026-01-11 02:00:00,0.15108,0.15134,0.15027,0.15121,519343.0
2026-01-11 02:15:00,0.15121,0.15155,0.15018,0.15052,658881.0
2026-01-11 02:30:00,0.15053,0.15081,0.14994,0.15001,671682.0
2026-01-11 02:45:00,0.15,0.15032,0.1492,0.14968,701354.0
2026-01-11 03:00:00,0.14969,0.15038,0.14924,0.14948,717717.0
2026-01-11 03:15:00,0.14948,0.14954,0.1468,0.14786,1836685.0
2026-01-11 03:30:00,0.14785,0.14861,0.14777,0.14819,681239.0
2026-01-11 03:45:00,0.1482,0.14928,0.14805,0.14906,573323.0
2026-01-11 04:00:00,0.14906,0.14979,0.14864,0.14953,657866.0
2026-01-11 04:15:00,0.14957,0.14957,0.14872,0.14908,508216.0
2026-01-11 04:30:00,0.14912,0.14992,0.14852,0.14872,570025.0
2026-01-11 04:45:00,0.14879,0.14879,0.14799,0.14808,351452.0
2026-01-11 05:00:00,0.14808,0.14838,0.14575,0.14617,1764621.0
2026-01-11 05:15:00,0.14617,0.14617,0.14401,0.14406,2197982.0
2026-01-11 05:30:00,0.14411,0.14413,0.138,0.13856,4482796.0
2026-01-11 05:45:00,0.13857,0.14048,0.13386,0.13435,7314501.0
2026-01-11 06:00:00,0.13433,0.13707,0.13395,0.13643,4422650.0
2026-01-11 06:15:00,0.1364,0.13839,0.13635,0.13785,2525103.0
2026-01-11 06:30:00,0.13779,0.14058,0.13705,0.14037,3802761.0
2026-01-11 06:45:00,0.14037,0.14201,0.13998,0.14138,2281495.0
2026-01-11 07:00:00,0.14143,0.14157,0.13823,0.13947,2376339.0
2026-01-11 07:15:00,0.13942,0.14063,0.13893,0.13904,1592295.0
2026-01-11 07:30:00,0.13904,0.14122,0.13844,0.14024,1593918.0
2026-01-11 07:45:00,0.14025,0.14048,0.13904,0.13978,1086457.0
2026-01-11 08:00:00,0.13979,0.14089,0.13907,0.1395,1055526.0
2026-01-11 08:15:00,0.13954,0.1404,0.13894,0.13916,1037298.0
2026-01-11 08:30:00,0.13916,0.13935,0.1382,0.1389,1131232.0
2026-01-11 08:45:00,0.13893,0.13944,0.13723,0.1373,1298896.0
2026-01-11 09:00:00,0.13731,0.13898,0.1372,0.13804,1348912.0
2026-01-11 09:15:00,0.13804,0.13902,0.13767,0.13883,894093.0
2026-01-11 09:30:00,0.13881,0.13883,0.13657,0.13703,1422639.0
2026-01-11 09:45:00,0.13702,0.1392,0.13697,0.13902,1488487.0
2026-01-11 10:00:00,0.13903,0.14037,0.13825,0.13832,1697023.0
2026-01-11 10:15:00,0.13832,0.1387,0.1376,0.13767,907016.0
2026-01-11 10:30:00,0.13767,0.13805,0.13723,0.13798,816586.0
2026-01-11 10:45:00,0.13799,0.13889,0.13787,0.13868,1212398.0
2026-01-11 11:00:00,0.1387,0.13877,0.13765,0.13777,1063420.0
2026-01-11 11:15:00,0.13777,0.138,0.13762,0.13793,666954.0
2026-01-11 11:30:00,0.13793,0.13926,0.13784,0.13849,1143051.0
2026-01-11 11:45:00,0.13851,0.13956,0.1384,0.1395,866790.0
2026-01-11 12:00:00,0.13945,0.14068,0.13893,0.13905,1440731.0
2026-01-11 12:15:00,0.13908,0.13961,0.1386,0.13881,643534.0
2026-01-11 12:30:00,0.13883,0.13956,0.13844,0.13899,855101.0
2026-01-11 12:45:00,0.13902,0.14008,0.1385,0.13894,1462978.0
2026-01-11 13:00:00,0.13894,0.13975,0.13854,0.13947,1242747.0
2026-01-11 13:15:00,0.13948,0.1402,0.13916,0.13937,795587.0
2026-01-11 13:30:00,0.13936,0.14063,0.13936,0.14004,1224343.0
2026-01-11 13:45:00,0.14005,0.14096,0.13932,0.13949,2007297.0
2026-01-11 14:00:00,0.13948,0.14012,0.13848,0.1388,1390038.0
2026-01-11 14:15:00,0.13878,0.13888,0.1378,0.13798,1202403.0
2026-01-11 14:30:00,0.13801,0.1381,0.1369,0.13728,1524664.0
2026-01-11 14:45:00,0.13727,0.13869,0.13723,0.13817,1493126.0
2026-01-11 15:00:00,0.13816,0.1382,0.13716,0.13769,1245520.0
2026-01-11 15:15:00,0.1377,0.13829,0.13744,0.1382,905713.0
2026-01-11 15:30:00,0.13819,0.13828,0.13747,0.13786,1025740.0
2026-01-11 15:45:00,0.13786,0.13837,0.13727,0.13752,1068490.0
2026-01-11 16:00:00,0.13753,0.13816,0.13753,0.13776,713142.0
2026-01-11 16:15:00,0.13775,0.13821,0.13621,0.13647,1525339.0
2026-01-11 16:30:00,0.13647,0.13759,0.1363,0.13721,1219540.0
2026-01-11 16:45:00,0.13721,0.13816,0.13703,0.13788,977313.0
2026-01-11 17:00:00,0.13787,0.13818,0.13703,0.1373,2311597.0
2026-01-11 17:15:00,0.13728,0.13745,0.13705,0.13724,533869.0
2026-01-11 17:30:00,0.13728,0.13928,0.13717,0.13882,1381517.0
2026-01-11 17:45:00,0.13883,0.13919,0.13776,0.13794,992000.0
2026-01-11 18:00:00,0.13794,0.1399,0.13784,0.13923,1458033.0
2026-01-11 18:15:00,0.13923,0.13996,0.13918,0.1393,1026178.0
2026-01-11 18:30:00,0.13929,0.13946,0.1375,0.13932,3020414.0
2026-01-11 18:45:00,0.13932,0.13938,0.13822,0.13822,895672.0
2026-01-11 19:00:00,0.13823,0.13867,0.13768,0.13822,1287148.0
2026-01-11 19:15:00,0.1382,0.13869,0.1371,0.13726,1149029.0
2026-01-11 19:30:00,0.13727,0.13806,0.13691,0.13789,858744.0
2026-01-11 19:45:00,0.1379,0.13838,0.13756,0.13794,716748.0
2026-01-11 20:00:00,0.13794,0.13815,0.13701,0.13721,1289644.0
2026-01-11 20:15:00,0.13721,0.1376,0.13681,0.13708,3785476.0
2026-01-11 20:30:00,0.13708,0.13774,0.13657,0.13746,981585.0
2026-01-11 20:45:00,0.13745,0.13769,0.13657,0.13736,1162784.0
2026-01-11 21:00:00,0.13735,0.1376,0.1364,0.1367,1420888.0
2026-01-11 21:15:00,0.13672,0.1372,0.13659,0.13715,755037.0
2026-01-11 21:30:00,0.13718,0.13792,0.13667,0.13693,903198.0
2026-01-11 21:45:00,0.13694,0.13767,0.13652,0.1371,1186633.0
2026-01-11 22:00:00,0.13709,0.13714,0.13532,0.13588,1716845.0
2026-01-11 22:15:00,0.13588,0.13615,0.13531,0.13556,754319.0
2026-01-11 22:30:00,0.13556,0.13615,0.13515,0.13603,1082670.0
2026-01-11 22:45:00,0.13604,0.13712,0.1356,0.13575,1943066.0
2026-01-11 23:00:00,0.13575,0.13639,0.13448,0.13538,2997197.0
2026-01-11 23:15:00,0.13539,0.13725,0.135,0.13713,1328327.0
2026-01-11 23:30:00,0.13713,0.13743,0.13634,0.13741,1081363.0
2026-01-11 23:45:00,0.1374,0.13808,0.13589,0.1362,1387799.0
2026-01-12 00:00:00,0.13621,0.13662,0.13551,0.13623,982823.0
2026-01-12 00:15:00,0.13623,0.13671,0.13584,0.13655,1641990.0
2026-01-12 00:30:00,0.13655,0.13666,0.13555,0.13593,637436.0
2026-01-12 00:45:00,0.13593,0.13624,0.13488,0.13546,1970856.0
2026-01-12 01:00:00,0.13545,0.13569,0.13452,0.13479,1535679.0
2026-01-12 01:15:00,0.1348,0.1355,0.1345,0.13482,743919.0
2026-01-12 01:30:00,0.13484,0.13547,0.1346,0.1352,627383.0
2026-01-12 01:45:00,0.1352,0.1363,0.13513,0.13578,1161759.0
2026-01-12 02:00:00,0.13578,0.13581,0.13482,0.13532,720107.0
2026-01-12 02:15:00,0.13534,0.13539,0.1347,0.1353,578921.0
2026-01-12 02:30:00,0.13532,0.13589,0.13511,0.13538,491561.0
2026-01-12 02:45:00,0.13538,0.13578,0.135,0.13522,389131.0
2026-01-12 03:00:00,0.13523,0.13576,0.13411,0.13471,1235550.0
2026-01-12 03:15:00,0.13474,0.13489,0.13122,0.13311,2638372.0
2026-01-12 03:30:00,0.13311,0.13365,0.13246,0.13302,876133.0
2026-01-12 03:45:00,0.13302,0.1335,0.13284,0.13323,557753.0
2026-01-12 04:00:00,0.13323,0.1336,0.13224,0.13282,1074244.0
2026-01-12 04:15:00,0.1328,0.13298,0.1317,0.13212,681656.0
2026-01-12 04:30:00,0.13212,0.1324,0.13151,0.13229,547411.0
2026-01-12 04:45:00,0.13228,0.13364,0.13226,0.13278,1037304.0
2026-01-12 05:00:00,0.13277,0.13368,0.13228,0.1331,1163811.0
2026-01-12 05:15:00,0.13314,0.1332,0.13232,0.13272,626695.0
2026-01-12 05:30:00,0.13271,0.13375,0.13259,0.13323,586353.0
2026-01-12 05:45:00,0.13324,0.13339,0.13289,0.1329,217467.0
2026-01-12 06:00:00,0.13289,0.13377,0.13227,0.13339,2821583.0
2026-01-12 06:15:00,0.13339,0.13444,0.13304,0.1343,1315981.0
2026-01-12 06:30:00,0.1343,0.13549,0.13395,0.13504,1698714.0
2026-01-12 06:45:00,0.13503,0.13588,0.13477,0.13578,1057817.0
2026-01-12 07:00:00,0.13577,0.13581,0.1347,0.13535,1014433.0
2026-01-12 07:15:00,0.13536,0.1362,0.13518,0.13598,643151.0
2026-01-12 07:30:00,0.13596,0.13605,0.13514,0.13523,707581.0
2026-01-12 07:45:00,0.13523,0.13523,0.13445,0.13498,917438.0
2026-01-12 08:00:00,0.13498,0.13562,0.13472,0.13562,720074.0
2026-01-12 08:15:00,0.13562,0.1358,0.13531,0.1356,390528.0
2026-01-12 08:30:00,0.1356,0.13627,0.13532,0.13594,682925.0
2026-01-12 08:45:00,0.13595,0.13664,0.13579,0.13634,505005.0
2026-01-12 09:00:00,0.13634,0.13834,0.13632,0.13722,1991175.0
2026-01-12 09:15:00,0.13724,0.13737,0.13584,0.13648,1026260.0
2026-01-12 09:30:00,0.13648,0.1366,0.13552,0.13605,592584.0
2026-01-12 09:45:00,0.13607,0.13699,0.13597,0.1369,447984.0
2026-01-12 10:00:00,0.1369,0.13765,0.1362,0.13722,1169038.0
2026-01-12 10:15:00,0.13723,0.13754,0.13661,0.13691,661228.0
2026-01-12 10:30:00,0.13693,0.13738,0.13682,0.13698,567060.0
2026-01-12 10:45:00,0.13698,0.13789,0.13669,0.13788,705527.0
2026-01-12 11:00:00,0.13785,0.13804,0.13677,0.13721,787187.0
2026-01-12 11:15:00,0.13722,0.1379,0.137,0.1376,499237.0
2026-01-12 11:30:00,0.13758,0.14064,0.13729,0.14052,5886822.0
2026-01-12 11:45:00,0.14049,0.14158,0.13995,0.14063,2037140.0
2026-01-12 12:00:00,0.14063,0.14072,0.13915,0.14027,2821582.0
2026-01-12 12:15:00,0.14023,0.14138,0.1392,0.13949,3244336.0
2026-01-12 12:30:00,0.13948,0.13952,0.13826,0.13831,1647521.0
2026-01-12 12:45:00,0.1383,0.13903,0.13748,0.13868,1670201.0
2026-01-12 13:00:00,0.13865,0.13895,0.13766,0.13816,1184313.0
2026-01-12 13:15:00,0.13816,0.13858,0.13804,0.13814,1158776.0
2026-01-12 13:30:00,0.13813,0.13844,0.13751,0.13785,1206898.0
2026-01-12 13:45:00,0.13785,0.1385,0.1376,0.13821,949844.0
2026-01-12 14:00:00,0.13822,0.13885,0.13685,0.13733,1707196.0
2026-01-12 14:15:00,0.13733,0.1377,0.13727,0.13738,758941.0
2026-01-12 14:30:00,0.13734,0.13849,0.13722,0.13812,1753668.0
2026-01-12 14:45:00,0.13811,0.13867,0.13765,0.13787,1065417.0
2026-01-12 15:00:00,0.1379,0.13805,0.13722,0.13725,1256920.0
2026-01-12 15:15:00,0.13725,0.13747,0.13635,0.13709,1413903.0
2026-01-12 15:30:00,0.1371,0.13805,0.13625,0.13777,1828164.0
2026-01-12 15:45:00,0.13778,0.13958,0.13778,0.1387,1898774.0
2026-01-12 16:00:00,0.13869,0.13904,0.1378,0.13809,1420865.0
2026-01-12 16:15:00,0.1381,0.13925,0.13802,0.13867,2697002.0
2026-01-12 16:30:00,0.13867,0.13885,0.13796,0.13803,2404503.0
2026-01-12 16:45:00,0.13803,0.13839,0.13753,0.13753,2202556.0
2026-01-12 17:00:00,0.13753,0.13874,0.13746,0.13868,1257090.0
2026-01-12 17:15:00,0.13869,0.13953,0.13821,0.13829,1269259.0
2026-01-12 17:30:00,0.13831,0.1394,0.13826,0.13916,1043150.0
2026-01-12 17:45:00,0.1392,0.141,0.13902,0.14061,1647366.0
2026-01-12 18:00:00,0.1406,0.1406,0.13886,0.13952,2440213.0
2026-01-12 18:15:00,0.13952,0.13973,0.13851,0.13887,1023559.0
2026-01-12 18:30:00,0.13888,0.13966,0.13867,0.13948,701868.0
2026-01-12 18:45:00,0.13948,0.13996,0.13888,0.13952,1021060.0
2026-01-12 19:00:00,0.13951,0.14011,0.13928,0.13985,1296692.0
2026-01-12 19:15:00,0.13984,0.14093,0.13956,0.1406,1159643.0
2026-01-12 19:30:00,0.14065,0.14154,0.14029,0.14089,1717290.0
2026-01-12 19:45:00,0.14088,0.14122,0.14031,0.14042,999207.0
2026-01-12 20:00:00,0.14043,0.14094,0.13943,0.13983,2138632.0
2026-01-12 20:15:00,0.13983,0.13994,0.1391,0.13968,1237871.0
2026-01-12 20:30:00,0.13966,0.14047,0.13948,0.14024,1243341.0
2026-01-12 20:45:00,0.14025,0.14228,0.1401,0.14198,1784630.0
2026-01-12 21:00:00,0.14198,0.14371,0.14153,0.14355,2953639.0
2026-01-12 21:15:00,0.14353,0.14449,0.14271,0.1432,2798708.0
2026-01-12 21:30:00,0.14324,0.14566,0.14282,0.1435,2636103.0
2026-01-12 21:45:00,0.14352,0.14381,0.14218,0.14257,1964002.0
2026-01-12 22:00:00,0.14256,0.14437,0.14242,0.14341,1902377.0
2026-01-12 22:15:00,0.14342,0.144,0.14285,0.14338,1264756.0
2026-01-12 22:30:00,0.14337,0.14413,0.14284,0.14393,2187556.0
2026-01-12 22:45:00,0.14393,0.14439,0.14319,0.14353,2638763.0
2026-01-12 23:00:00,0.14355,0.14446,0.14319,0.14373,1433765.0
2026-01-12 23:15:00,0.14374,0.14374,0.14158,0.14196,1264366.0
2026-01-12 23:30:00,0.14194,0.14315,0.14193,0.14294,702778.0
2026-01-12 23:45:00,0.14294,0.14306,0.14252,0.14266,568588.0
2026-01-13 00:00:00,0.14266,0.14351,0.14215,0.14287,938017.0
2026-01-13 00:15:00,0.1429,0.14338,0.14159,0.14184,895773.0
2026-01-13 00:30:00,0.14181,0.14223,0.14047,0.1416,1835456.0
2026-01-13 00:45:00,0.14162,0.14202,0.14123,0.14196,2010135.0
2026-01-13 01:00:00,0.14195,0.14279,0.14186,0.14215,1032419.0
2026-01-13 01:15:00,0.14214,0.14215,0.14082,0.14174,1130109.0
2026-01-13 01:30:00,0.14174,0.14187,0.14126,0.14152,487578.0
2026-01-13 01:45:00,0.14153,0.14206,0.14146,0.14192,368955.0
2026-01-13 02:00:00,0.14192,0.14248,0.14164,0.14205,668566.0
2026-01-13 02:15:00,0.1421,0.14224,0.14138,0.14147,428178.0
2026-01-13 02:30:00,0.14147,0.14236,0.14147,0.14174,1639396.0
2026-01-13 02:45:00,0.14174,0.14365,0.14173,0.14349,692074.0
2026-01-13 03:00:00,0.14349,0.14443,0.1434,0.1444,787638.0
2026-01-13 03:15:00,0.14439,0.1444,0.14242,0.14401,1497965.0
2026-01-13 03:30:00,0.14403,0.14598,0.1437,0.14566,1827929.0
2026-01-13 03:45:00,0.14565,0.14574,0.14463,0.14473,1312548.0
2026-01-13 04:00:00,0.14473,0.14637,0.14452,0.14628,1103868.0
2026-01-13 04:15:00,0.14627,0.14677,0.14597,0.1465,838326.0
2026-01-13 04:30:00,0.1465,0.14705,0.14613,0.14626,1317572.0
2026-01-13 04:45:00,0.14631,0.14642,0.14538,0.14636,1078709.0
2026-01-13 05:00:00,0.14637,0.14639,0.14526,0.14545,758457.0
2026-01-13 05:15:00,0.14545,0.14571,0.14469,0.1448,680959.0
2026-01-13 05:30:00,0.14483,0.1456,0.14467,0.1456,423586.0
2026-01-13 05:45:00,0.1456,0.14586,0.142,0.14236,1012429.0
2026-01-13 06:00:00,0.14236,0.14378,0.1419,0.14356,1372763.0
2026-01-13 06:15:00,0.14356,0.14434,0.14347,0.14427,471286.0
2026-01-13 06:30:00,0.14427,0.14553,0.14427,0.14496,626628.0
2026-01-13 06:45:00,0.14496,0.14509,0.14466,0.14483,504369.0
2026-01-13 07:00:00,0.14482,0.14779,0.1445,0.14598,2361105.0
2026-01-13 07:15:00,0.14598,0.14754,0.14554,0.14655,1343527.0
2026-01-13 07:30:00,0.14655,0.14695,0.14596,0.14672,779703.0
2026-01-13 07:45:00,0.14673,0.14884,0.14626,0.14718,2664998.0
2026-01-13 08:00:00,0.14719,0.14741,0.14541,0.14571,1057499.0
2026-01-13 08:15:00,0.14571,0.14622,0.14335,0.1445,1889190.0
2026-01-13 08:30:00,0.14451,0.14486,0.13956,0.14125,4801923.0
2026-01-13 08:45:00,0.14124,0.14146,0.1396,0.14026,1858796.0
2026-01-13 09:00:00,0.14026,0.1413,0.13928,0.14128,3446749.0
2026-01-13 09:15:00,0.14129,0.14176,0.14062,0.14063,1306815.0
2026-01-13 09:30:00,0.14063,0.14141,0.14042,0.14119,1466153.0
2026-01-13 09:45:00,0.14119,0.14161,0.14048,0.14112,2968621.0
2026-01-13 10:00:00,0.14112,0.1419,0.14112,0.14136,631639.0
2026-01-13 10:15:00,0.14136,0.14223,0.1413,0.14186,490066.0
2026-01-13 10:30:00,0.14186,0.1426,0.14185,0.14208,635563.0
2026-01-13 10:45:00,0.14207,0.1424,0.1419,0.14228,313286.0
2026-01-13 11:00:00,0.14228,0.14251,0.14135,0.14171,2299608.0
2026-01-13 11:15:00,0.14172,0.14185,0.14112,0.14175,1919941.0
2026-01-13 11:30:00,0.14176,0.14236,0.14173,0.14214,868285.0
2026-01-13 11:45:00,0.14217,0.14344,0.14207,0.14314,2187377.0
2026-01-13 12:00:00,0.14315,0.14437,0.14315,0.14412,842897.0
2026-01-13 12:15:00,0.14412,0.14416,0.1436,0.1437,660308.0
2026-01-13 12:30:00,0.1437,0.14379,0.14241,0.14259,1338207.0
2026-01-13 12:45:00,0.14262,0.1428,0.14143,0.14146,1957832.0
2026-01-13 13:00:00,0.14147,0.14172,0.14128,0.1416,1747522.0
2026-01-13 13:15:00,0.1416,0.14216,0.14134,0.14189,1072996.0
2026-01-13 13:30:00,0.1419,0.14227,0.14143,0.14155,2040158.0
2026-01-13 13:45:00,0.14155,0.14155,0.14021,0.1405,899620.0
2026-01-13 14:00:00,0.1405,0.14103,0.13939,0.13964,1259930.0
2026-01-13 14:15:00,0.13964,0.14044,0.1396,0.14034,907734.0
2026-01-13 14:30:00,0.14034,0.14046,0.13979,0.14015,1914506.0
2026-01-13 14:45:00,0.14013,0.14064,0.13992,0.14042,865402.0
2026-01-13 15:00:00,0.14043,0.14087,0.1402,0.1408,1300280.0
2026-01-13 15:15:00,0.14074,0.14087,0.13981,0.14003,1343445.0
2026-01-13 15:30:00,0.14,0.14024,0.1398,0.14005,1018983.0
2026-01-13 15:45:00,0.14008,0.1405,0.14001,0.14034,652045.0
2026-01-13 16:00:00,0.14034,0.14163,0.14021,0.14152,1083213.0
2026-01-13 16:15:00,0.14152,0.14152,0.14031,0.14031,1583983.0
2026-01-13 16:30:00,0.14033,0.14057,0.14014,0.14035,939763.0
2026-01-13 16:45:00,0.14036,0.14036,0.13964,0.1397,617622.0
2026-01-13 17:00:00,0.13971,0.14016,0.13807,0.13809,2253291.0
2026-01-13 17:15:00,0.13809,0.13838,0.13733,0.13823,749630.0
2026-01-13 17:30:00,0.13824,0.13934,0.13824,0.13877,1198838.0
2026-01-13 17:45:00,0.13874,0.1391,0.13848,0.13856,974223.0
2026-01-13 18:00:00,0.13856,0.1392,0.1385,0.13904,945234.0
2026-01-13 18:15:00,0.13904,0.1394,0.13893,0.1391,598426.0
2026-01-13 18:30:00,0.13906,0.13935,0.138,0.13922,1005425.0
2026-01-13 18:45:00,0.13923,0.13937,0.13877,0.13886,581854.0
2026-01-13 19:00:00,0.13886,0.13929,0.13843,0.13846,627803.0
2026-01-13 19:15:00,0.13846,0.13912,0.1384,0.13896,1401436.0
2026-01-13 19:30:00,0.13896,0.13944,0.13894,0.13926,845985.0
2026-01-13 19:45:00,0.13925,0.13996,0.13919,0.13951,758400.0
2026-01-13 20:00:00,0.13952,0.13955,0.13889,0.13896,1046634.0
2026-01-13 20:15:00,0.13895,0.13906,0.13852,0.13873,1127496.0
2026-01-13 20:30:00,0.13872,0.13897,0.13811,0.13838,1757969.0
2026-01-13 20:45:00,0.13838,0.13853,0.13753,0.13761,1352576.0
2026-01-13 21:00:00,0.13763,0.13816,0.13763,0.13794,1212764.0
2026-01-13 21:15:00,0.13795,0.13864,0.13785,0.13832,1972421.0
2026-01-13 21:30:00,0.13831,0.13844,0.13792,0.13815,1043868.0
2026-01-13 21:45:00,0.13815,0.1383,0.1376,0.13795,2007569.0
2026-01-13 22:00:00,0.13794,0.1381,0.13751,0.13766,1132470.0
2026-01-13 22:15:00,0.13767,0.138,0.1364,0.13689,1529595.0
2026-01-13 22:30:00,0.13688,0.13743,0.13664,0.13693,1020273.0
2026-01-13 22:45:00,0.13697,0.13738,0.1367,0.13703,1526245.0
2026-01-13 23:00:00,0.13703,0.13714,0.13476,0.13487,1938246.0
2026-01-13 23:15:00,0.1349,0.13511,0.13438,0.13475,860465.0
2026-01-13 23:30:00,0.13476,0.13523,0.13453,0.1349,1875504.0
2026-01-13 23:45:00,0.13492,0.1353,0.1346,0.13473,701941.0
2026-01-14 00:00:00,0.13471,0.13498,0.1341,0.13449,1341183.0
2026-01-14 00:15:00,0.13444,0.1352,0.13423,0.1352,1258877.0
2026-01-14 00:30:00,0.1352,0.13534,0.1347,0.13517,693197.0
2026-01-14 00:45:00,0.13515,0.13524,0.13493,0.13493,335556.0
2026-01-14 01:00:00,0.13495,0.13541,0.13494,0.13512,526770.0
2026-01-14 01:15:00,0.13515,0.136,0.13513,0.13584,611902.0
2026-01-14 01:30:00,0.13583,0.13627,0.13536,0.13574,773288.0
2026-01-14 01:45:00,0.13574,0.13603,0.1354,0.13557,502848.0
2026-01-14 02:00:00,0.13558,0.1357,0.13498,0.13534,585075.0
2026-01-14 02:15:00,0.13537,0.13549,0.13494,0.13517,466481.0
2026-01-14 02:30:00,0.13519,0.1355,0.13502,0.13503,459507.0
2026-01-14 02:45:00,0.13502,0.13548,0.1347,0.13522,538565.0
2026-01-14 03:00:00,0.1352,0.13537,0.13468,0.13483,508861.0
2026-01-14 03:15:00,0.13482,0.13502,0.13449,0.13452,372941.0
2026-01-14 03:30:00,0.13452,0.13453,0.13368,0.13432,969922.0
2026-01-14 03:45:00,0.13433,0.1346,0.13382,0.13403,516901.0
2026-01-14 04:00:00,0.13403,0.13414,0.1334,0.1336,560283.0
2026-01-14 04:15:00,0.1336,0.13412,0.13354,0.13379,2156180.0
2026-01-14 04:30:00,0.13378,0.13382,0.132,0.13246,988299.0
2026-01-14 04:45:00,0.13246,0.13255,0.13072,0.13162,1603210.0
2026-01-14 05:00:00,0.13162,0.13292,0.13161,0.13279,2129843.0
2026-01-14 05:15:00,0.13282,0.13286,0.13202,0.13231,988154.0
2026-01-14 05:30:00,0.13231,0.133,0.13227,0.13286,610857.0
2026-01-14 05:45:00,0.13286,0.1338,0.13284,0.13374,637816.0
2026-01-14 06:00:00,0.13377,0.13459,0.13363,0.13385,890561.0
2026-01-14 06:15:00,0.13384,0.13384,0.13263,0.13276,860144.0
2026-01-14 06:30:00,0.13276,0.13392,0.13274,0.13391,494201.0
2026-01-14 06:45:00,0.13391,0.13697,0.13383,0.13686,2100859.0
2026-01-14 07:00:00,0.13686,0.13709,0.13487,0.13535,1789887.0
2026-01-14 07:15:00,0.13532,0.13591,0.1352,0.13577,1522350.0
2026-01-14 07:30:00,0.13577,0.13648,0.13562,0.13564,897130.0
2026-01-14 07:45:00,0.13565,0.13603,0.13523,0.13527,969413.0
2026-01-14 08:00:00,0.13529,0.13538,0.13394,0.13416,1774556.0
2026-01-14 08:15:00,0.13417,0.13456,0.13396,0.13438,722792.0
2026-01-14 08:30:00,0.13438,0.1348,0.13412,0.13448,760474.0
2026-01-14 08:45:00,0.13448,0.1346,0.13415,0.13426,534038.0
2026-01-14 09:00:00,0.13426,0.1351,0.13425,0.13498,1511170.0
2026-01-14 09:15:00,0.13498,0.13678,0.1348,0.13638,2537851.0
2026-01-14 09:30:00,0.13638,0.13658,0.13523,0.13641,1797700.0
2026-01-14 09:45:00,0.13642,0.13657,0.13604,0.1362,319392.0
2026-01-14 10:00:00,0.13621,0.13651,0.13504,0.13513,774916.0
2026-01-14 10:15:00,0.13516,0.13534,0.13503,0.13517,233098.0
2026-01-14 10:30:00,0.13519,0.13571,0.13514,0.13567,408936.0
2026-01-14 10:45:00,0.13567,0.13595,0.13534,0.13537,401431.0
2026-01-14 11:00:00,0.13537,0.1354,0.13419,0.13464,2674873.0
2026-01-14 11:15:00,0.13464,0.13475,0.13417,0.13417,513311.0
2026-01-14 11:30:00,0.13421,0.13433,0.133,0.13349,961174.0
2026-01-14 11:45:00,0.13349,0.13351,0.13153,0.13164,1440265.0
2026-01-14 12:00:00,0.13163,0.13277,0.13047,0.1327,1967286.0
2026-01-14 12:15:00,0.1327,0.13338,0.1325,0.13304,987290.0
2026-01-14 12:30:00,0.13304,0.13375,0.13268,0.13317,851486.0
2026-01-14 12:45:00,0.13315,0.1339,0.13303,0.13362,764113.0
2026-01-14 13:00:00,0.13361,0.13371,0.1326,0.13369,1201650.0
2026-01-14 13:15:00,0.1337,0.13454,0.13322,0.13325,966603.0
2026-01-14 13:30:00,0.13325,0.13379,0.13276,0.13327,769407.0
2026-01-14 13:45:00,0.13326,0.13326,0.13225,0.13242,1014455.0
2026-01-14 14:00:00,0.13243,0.13243,0.13109,0.13214,1112518.0
2026-01-14 14:15:00,0.13212,0.1322,0.13158,0.13198,611445.0
2026-01-14 14:30:00,0.13197,0.13267,0.13168,0.13262,756808.0
2026-01-14 14:45:00,0.13263,0.1331,0.13233,0.13234,625320.0
2026-01-14 15:00:00,0.13234,0.13249,0.13194,0.13199,749975.0
2026-01-14 15:15:00,0.13197,0.13224,0.1316,0.13191,828414.0
2026-01-14 15:30:00,0.13191,0.13276,0.13185,0.13238,1073328.0
2026-01-14 15:45:00,0.13238,0.1325,0.13164,0.13164,1067628.0
2026-01-14 16:00:00,0.13164,0.13236,0.1316,0.13226,1345711.0
2026-01-14 16:15:00,0.13226,0.13284,0.13159,0.13185,899126.0
2026-01-14 16:30:00,0.13186,0.1323,0.1273,0.12847,4858842.0
2026-01-14 16:45:00,0.12847,0.1295,0.128,0.12904,2029429.0
2026-01-14 17:00:00,0.12904,0.12936,0.12711,0.12744,2310488.0
2026-01-14 17:15:00,0.12745,0.12865,0.12745,0.12864,1640771.0
2026-01-14 17:30:00,0.12864,0.1332,0.12856,0.13076,12197235.0
2026-01-14 17:45:00,0.13078,0.13092,0.12962,0.13023,6231228.0
2026-01-14 18:00:00,0.13017,0.13165,0.13,0.13117,2414119.0
2026-01-14 18:15:00,0.13116,0.13178,0.13022,0.13169,1295151.0
2026-01-14 18:30:00,0.1317,0.1327,0.1311,0.13245,1268381.0
2026-01-14 18:45:00,0.13244,0.1329,0.13102,0.13136,1450395.0
2026-01-14 19:00:00,0.13133,0.13147,0.13086,0.13147,631443.0
2026-01-14 19:15:00,0.13144,0.13156,0.131,0.13129,550602.0
2026-01-14 19:30:00,0.13131,0.13153,0.13043,0.13147,888785.0
2026-01-14 19:45:00,0.13147,0.13188,0.13115,0.13126,570603.0
2026-01-14 20:00:00,0.13126,0.13154,0.13065,0.13101,986303.0
2026-01-14 20:15:00,0.13102,0.13107,0.13015,0.13056,1347843.0
2026-01-14 20:30:00,0.13055,0.13129,0.13055,0.13091,518209.0
2026-01-14 20:45:00,0.13091,0.13115,0.12963,0.13024,1087439.0
2026-01-14 21:00:00,0.13025,0.13059,0.12881,0.12937,1288294.0
2026-01-14 21:15:00,0.12937,0.13035,0.12922,0.12978,1393807.0
2026-01-14 21:30:00,0.12981,0.13028,0.1295,0.12954,877131.0
2026-01-14 21:45:00,0.12954,0.13003,0.1289,0.1297,1218908.0
2026-01-14 22:00:00,0.12971,0.13057,0.1284,0.12992,1839402.0
2026-01-14 22:15:00,0.1299,0.1304,0.12945,0.13026,1026719.0
2026-01-14 22:30:00,0.13025,0.13184,0.13022,0.13086,1798141.0
2026-01-14 22:45:00,0.13085,0.13276,0.13085,0.13195,1398048.0
2026-01-14 23:00:00,0.13197,0.13241,0.13108,0.13198,1422311.0
2026-01-14 23:15:00,0.13199,0.13225,0.1312,0.1314,1080313.0
2026-01-14 23:30:00,0.1314,0.1317,0.13007,0.13019,995062.0
2026-01-14 23:45:00,0.13018,0.13064,0.1298,0.13061,757115.0
2026-01-15 00:00:00,0.13058,0.13119,0.13044,0.13062,740028.0
2026-01-15 00:15:00,0.13057,0.13121,0.12955,0.12969,9993203.0
2026-01-15 00:30:00,0.12972,0.13307,0.12958,0.13223,3400954.0
2026-01-15 00:45:00,0.13223,0.133,0.13176,0.13184,1198224.0
2026-01-15 01:00:00,0.1318,0.13375,0.13143,0.13184,4695332.0
2026-01-15 01:15:00,0.13184,0.13328,0.13141,0.13182,2839236.0
2026-01-15 01:30:00,0.13183,0.13226,0.131,0.1319,2792018.0
2026-01-15 01:45:00,0.13191,0.13298,0.13154,0.13291,1032046.0
2026-01-15 02:00:00,0.13291,0.13494,0.13291,0.1338,1722371.0
2026-01-15 02:15:00,0.13381,0.13447,0.13307,0.13343,1053882.0
2026-01-15 02:30:00,0.13347,0.13438,0.13291,0.13293,1011381.0
2026-01-15 02:45:00,0.13293,0.13405,0.13239,0.13356,900193.0
2026-01-15 03:00:00,0.13357,0.13377,0.132,0.1321,815249.0
2026-01-15 03:15:00,0.13208,0.13298,0.13181,0.13268,629976.0
2026-01-15 03:30:00,0.13268,0.13367,0.13221,0.1325,933431.0
2026-01-15 03:45:00,0.13251,0.13283,0.13211,0.1323,688902.0
2026-01-15 04:00:00,0.1323,0.13298,0.13217,0.13295,714803.0
2026-01-15 04:15:00,0.13294,0.13373,0.13274,0.13353,382719.0
2026-01-15 04:30:00,0.13353,0.1352,0.13322,0.13448,897238.0
2026-01-15 04:45:00,0.13449,0.13542,0.13449,0.13492,995077.0
2026-01-15 05:00:00,0.13493,0.1362,0.13477,0.1359,881208.0
2026-01-15 05:15:00,0.13588,0.13615,0.1348,0.13542,775535.0
2026-01-15 05:30:00,0.13542,0.13599,0.1346,0.13498,817376.0
2026-01-15 05:45:00,0.13507,0.13513,0.13444,0.13513,322403.0
2026-01-15 06:00:00,0.13512,0.13689,0.13512,0.13648,1249789.0
2026-01-15 06:15:00,0.13648,0.13823,0.13578,0.1362,1668064.0
2026-01-15 06:30:00,0.13619,0.13658,0.13546,0.13652,581252.0
2026-01-15 06:45:00,0.13651,0.13786,0.13651,0.13786,910310.0
2026-01-15 07:00:00,0.13781,0.13933,0.1372,0.13755,1615849.0
2026-01-15 07:15:00,0.13755,0.13828,0.13599,0.13628,1520308.0
2026-01-15 07:30:00,0.13628,0.13652,0.13471,0.13509,1203325.0
2026-01-15 07:45:00,0.1351,0.13515,0.1342,0.13432,791247.0
2026-01-15 08:00:00,0.13432,0.13432,0.1311,0.1325,2362423.0
2026-01-15 08:15:00,0.13249,0.13386,0.13249,0.133,856431.0
2026-01-15 08:30:00,0.13301,0.13347,0.13243,0.13298,626148.0
2026-01-15 08:45:00,0.13293,0.13364,0.13261,0.13344,432820.0
2026-01-15 09:00:00,0.13344,0.13494,0.13344,0.13449,872594.0
2026-01-15 09:15:00,0.13448,0.13449,0.13366,0.13373,421406.0
2026-01-15 09:30:00,0.13375,0.13414,0.13362,0.13388,353399.0
2026-01-15 09:45:00,0.13387,0.13416,0.13317,0.13356,493318.0
2026-01-15 10:00:00,0.13355,0.13407,0.13315,0.13346,420178.0
2026-01-15 10:15:00,0.13346,0.13352,0.13162,0.13241,4077620.0
2026-01-15 10:30:00,0.1325,0.13347,0.13186,0.13239,1590807.0
2026-01-15 10:45:00,0.1324,0.13266,0.13104,0.13117,678545.0
2026-01-15 11:00:00,0.1312,0.13134,0.12984,0.13026,1144532.0
2026-01-15 11:15:00,0.13024,0.13086,0.13007,0.13078,807464.0
2026-01-15 11:30:00,0.13075,0.13154,0.13034,0.13143,658893.0
2026-01-15 11:45:00,0.13144,0.1322,0.13112,0.13214,474472.0
2026-01-15 12:00:00,0.13213,0.13242,0.13153,0.13203,1040294.0
2026-01-15 12:15:00,0.13203,0.13226,0.13115,0.13121,1839569.0
2026-01-15 12:30:00,0.1312,0.13163,0.13047,0.13144,1794071.0
2026-01-15 12:45:00,0.13147,0.13194,0.13064,0.13117,3552199.0
2026-01-15 13:00:00,0.13116,0.13125,0.13,0.1302,945148.0
2026-01-15 13:15:00,0.1302,0.13031,0.1286,0.1295,1564884.0
2026-01-15 13:30:00,0.1295,0.12999,0.1291,0.12991,1648474.0
2026-01-15 13:45:00,0.12991,0.12992,0.129,0.12907,725958.0
2026-01-15 14:00:00,0.12907,0.12931,0.12868,0.12926,1343315.0
2026-01-15 14:15:00,0.12925,0.12977,0.12897,0.12919,792257.0
2026-01-15 14:30:00,0.12919,0.12963,0.12902,0.12963,721083.0
2026-01-15 14:45:00,0.1296,0.13028,0.12914,0.13019,872078.0
2026-01-15 15:00:00,0.13018,0.13142,0.13008,0.13058,1234253.0
2026-01-15 15:15:00,0.13059,0.13083,0.12947,0.12983,917811.0
2026-01-15 15:30:00,0.12985,0.13033,0.12888,0.12914,1374122.0
2026-01-15 15:45:00,0.12912,0.13125,0.12904,0.1303,1233008.0
2026-01-15 16:00:00,0.13031,0.1306,0.12886,0.12967,1556372.0
2026-01-15 16:15:00,0.12965,0.13036,0.12925,0.12976,1130392.0
2026-01-15 16:30:00,0.12976,0.13015,0.1295,0.12988,1854021.0
2026-01-15 16:45:00,0.12984,0.13046,0.12966,0.13046,1053369.0
2026-01-15 17:00:00,0.13045,0.13136,0.13041,0.13093,1385964.0
2026-01-15 17:15:00,0.13091,0.13091,0.12982,0.12983,885320.0
2026-01-15 17:30:00,0.12984,0.13025,0.12944,0.12989,2131793.0
2026-01-15 17:45:00,0.12992,0.13015,0.12915,0.12976,1452368.0
2026-01-15 18:00:00,0.12973,0.12989,0.12876,0.12936,4095484.0
2026-01-15 18:15:00,0.12936,0.12966,0.12869,0.12898,1685868.0
2026-01-15 18:30:00,0.12898,0.12964,0.12892,0.12941,2255622.0
2026-01-15 18:45:00,0.1294,0.13035,0.1285,0.12987,1645525.0
2026-01-15 19:00:00,0.12986,0.13052,0.12945,0.13009,1737680.0
2026-01-15 19:15:00,0.1301,0.13026,0.12881,0.12884,1001915.0
2026-01-15 19:30:00,0.12888,0.12925,0.12574,0.1272,5516646.0
2026-01-15 19:45:00,0.12723,0.12745,0.12598,0.12675,1784469.0
2026-01-15 20:00:00,0.12675,0.12712,0.12615,0.12685,1756332.0
2026-01-15 20:15:00,0.12686,0.12867,0.1265,0.1286,1480588.0
2026-01-15 20:30:00,0.1286,0.12896,0.12786,0.12886,1707592.0
2026-01-15 20:45:00,0.12889,0.13134,0.12889,0.13014,2285336.0
2026-01-15 21:00:00,0.13012,0.13127,0.1298,0.13005,1976875.0
2026-01-15 21:15:00,0.13005,0.13042,0.12876,0.12899,1649122.0
2026-01-15 21:30:00,0.12892,0.12951,0.1285,0.12929,1610208.0
